"route","absolute_url","source_file","page_type","route_status","title","h1","h1_count","meta_description","canonical","meta_robots","hreflang_count","schema_types","schema_json_errors","internal_link_count","static_html_present"
"/","https://www.bestpackfactory.com/","content-site/index.html","homepage","public","Custom Packaging Manufacturer — Paper Bags, Paper Boxes, Luxury Gift Boxes | MOQ 500 | BestPackFactory","Custom Packaging Solutions For Global Brands","1","Custom paper bags, paper boxes, luxury gift boxes, rigid boxes, stand-up pouches and flexible packaging from a Shenzhen pack factory. MOQ 500 PCS.","https://www.bestpackfactory.com/","index, follow, max-image-preview:large, max-snippet:-1, max-video-preview:-1","0","Answer|ContactPoint|FAQPage|Organization|PostalAddress|Question","","57","yes"
"/about.html","https://www.bestpackfactory.com/about.html","content-site/about.html","about","public","About BestPackFactory | B2B Packaging Manufacturer","About BestPackFactory","1","BestPackFactory supports B2B custom packaging from MOQ 500 PCS with project-specific materials, QC documentation and worldwide shipping.","https://www.bestpackfactory.com/about.html","index, follow, max-image-preview:large, max-snippet:-1, max-video-preview:-1","0","BreadcrumbList|ContactPoint|ListItem|Organization|PostalAddress","","42","yes"
"/ar","https://www.bestpackfactory.com/ar","content-site/ar/index.html","locale_mirror","public","مصنّع تغليف مخصص | MOQ 500 | BestPackFactory","حلول تغليف مخصصة للعلامات التجارية العالمية","1","صناديق هدايا مغناطيسية، صناديق صلبة، أكياس ورقية، أكياس قائمة وتغليف أغذية من مصنع في شنتشن. الحد الأدنى للطلب 500 قطعة. اطلب عرض سعر من المصنع الآن.","https://www.bestpackfactory.com/ar","index, follow, max-image-preview:large, max-snippet:-1, max-video-preview:-1","7","Answer|BreadcrumbList|ContactPoint|FAQPage|ListItem|Organization|PostalAddress|Question|WebSite","","54","yes"
"/ar/contact.html","https://www.bestpackfactory.com/ar/contact.html","content-site/ar/contact.html","locale_mirror","public","اتصل بنا | BestPackFactory | عرض سعر تغليف مجاني","احصل على عرض سعر للتغليف المخصص","1","تواصل مع BestPackFactory للحصول على عرض سعر مجاني للتغليف المخصص. الحد الأدنى للطلب 500 قطعة. واتساب أو بريد إلكتروني أو نموذج طلب عرض سعر.","https://www.bestpackfactory.com/ar/contact.html","","0","BreadcrumbList|ContactPage|ContactPoint|ListItem|Manufacturer|Organization|PostalAddress","","32","yes"
"/ar/products.html","https://www.bestpackfactory.com/ar/products.html","content-site/ar/products.html","locale_mirror","public","منتجات التغليف المخصص | MOQ 500 | BestPackFactory","منتجات التغليف المخصص B2B","1","قارن أكثر من 70 منتجًا من التغليف المخصص لتوريد B2B، بما في ذلك الصناديق والأكياس وأكياس القهوة وأكياس طعام الحيوانات الأليفة والملصقات والزجاجات.","https://www.bestpackfactory.com/ar/products.html","","0","BreadcrumbList|CollectionPage|ItemList|ListItem","","130","yes"
"/ar/products/coffee-bags.html","https://www.bestpackfactory.com/ar/products/coffee-bags.html","content-site/ar/products/coffee-bags.html","locale_mirror","public","أكياس قهوة | MOQ 500 قطعة | BestPackFactory","أكياس قهوة","1","أكياس قهوة مخصصة من MOQ 500 قطعة بمقاس وخامة وطباعة وتشطيب حسب الطلب. دعم تجهيز العينات ومراقبة الجود قوالب مجانية، عينات خلال 5-7 أيام،","https://www.bestpackfactory.com/ar/products/coffee-bags.html","","0","Answer|Brand|BreadcrumbList|FAQPage|ListItem|Offer|Organization|Product|PropertyValue|Question","","34","yes"
"/ar/products/custom-boxes.html","https://www.bestpackfactory.com/ar/products/custom-boxes.html","content-site/ar/products/custom-boxes.html","locale_mirror","public","صناديق مخصصة | MOQ 500 قطعة | BestPackFactory","صناديق مخصصة","1","صمّم صناديقك المخصصة من MOQ 500 قطعة بمقاس وخامة وطباعة وتشطيب حسب الطلب. دعم تجهيز العينات ومراقبة ا قوالب مجانية، عينات خلال 5-7 أيام،","https://www.bestpackfactory.com/ar/products/custom-boxes.html","","0","Answer|Brand|BreadcrumbList|FAQPage|ListItem|Offer|Organization|Product|PropertyValue|Question","","34","yes"
"/ar/products/custom-compostable-stand-up-pouches.html","https://www.bestpackfactory.com/ar/products/custom-compostable-stand-up-pouches.html","content-site/ar/products/custom-compostable-stand-up-pouches.html","locale_mirror","public","أكياس قائمة قابلة للتحلل | MOQ 500 | BestPackFactory","أكياس قائمة قابلة للتحلل","1","أكياس قائمة مخصصة قابلة للتحلل المنزلي أو الصناعي من MOQ 500 قطعة للقهوة والشاي والوجبات الخفيفة. دعم تجهيز العينات ومراقبة الجودة والشحن العالمي B2B.","https://www.bestpackfactory.com/ar/products/custom-compostable-stand-up-pouches.html","","0","Answer|Brand|BreadcrumbList|FAQPage|ListItem|Offer|Organization|PriceSpecification|Product|PropertyValue|Question","","34","yes"
"/ar/products/custom-cosmetic-packaging-boxes.html","https://www.bestpackfactory.com/ar/products/custom-cosmetic-packaging-boxes.html","content-site/ar/products/custom-cosmetic-packaging-boxes.html","locale_mirror","public","صناديق تغليف تجميل | MOQ 500 | BestPackFactory","صناديق تغليف مستحضرات تجميل مخصصة","1","صناديق تغليف مستحضرات تجميل مخصصة من MOQ 500 قطعة بمقاس وخامة وطباعة وتشطيب حسب الطلب. دعم تجهيز العينات ومراقبة الجودة والشحن العالمي B2B لعلامات الجمال.","https://www.bestpackfactory.com/ar/products/custom-cosmetic-packaging-boxes.html","","0","Answer|Brand|BreadcrumbList|FAQPage|ListItem|Offer|Organization|Product|PropertyValue|Question","","34","yes"
"/ar/products/custom-flat-bottom-pouches.html","https://www.bestpackfactory.com/ar/products/custom-flat-bottom-pouches.html","content-site/ar/products/custom-flat-bottom-pouches.html","locale_mirror","public","أكياس قاعدة مسطحة | MOQ 500 | BestPackFactory","أكياس ذات قاعدة مسطحة مخصصة","1","أكياس ذات قاعدة مسطحة مخصصة من MOQ 500 قطعة بمقاس وخامة وطباعة وتشطيب حسب الطلب. دعم تجهيز العينات وم قوالب مجانية، عينات خلال 5-7 أيام،","https://www.bestpackfactory.com/ar/products/custom-flat-bottom-pouches.html","","0","Answer|Brand|BreadcrumbList|FAQPage|ImageObject|ListItem|Offer|Organization|PriceSpecification|Product|PropertyValue|Question|WebPage","","50","yes"
"/ar/products/custom-luxury-gift-boxes-manufacturer-premium-rigid-gift-packaging.html","https://www.bestpackfactory.com/ar/products/custom-luxury-gift-boxes-manufacturer-premium-rigid-gift-packaging.html","content-site/ar/products/custom-luxury-gift-boxes-manufacturer-premium-rigid-gift-packaging.html","locale_mirror","public","صناديق هدايا فاخرة مخصصة | MOQ 500 | BestPackFactory","مصنع صناديق هدايا فاخرة مخصصة","1","صمّم صناديق هدايا فاخرة مخصصة من MOQ 500 قطعة بهيكل صلب ممتاز وإغلاق مغناطيسي وشعار رقائق وفواصل حسب الطلب. دعم تجهيز العينات والشحن العالمي B2B.","https://www.bestpackfactory.com/ar/products/custom-luxury-gift-boxes-manufacturer-premium-rigid-gift-packaging.html","","0","Answer|Brand|BreadcrumbList|FAQPage|ListItem|Offer|Organization|PriceSpecification|Product|PropertyValue|Question","","32","yes"
"/ar/products/custom-printed-tape.html","https://www.bestpackfactory.com/ar/products/custom-printed-tape.html","content-site/ar/products/custom-printed-tape.html","locale_mirror","public","شريط لاصق مطبوع | MOQ 500 | BestPackFactory","شريط لاصق مطبوع مخصص","1","شريط لاصق مطبوع مخصص من MOQ 500 قطعة بمقاس وخامة وطباعة وتشطيب حسب الطلب. دعم تجهيز العينات ومراقبة الجودة والشحن العالمي B2B للتجارة الإلكترونية والشحن.","https://www.bestpackfactory.com/ar/products/custom-printed-tape.html","","0","Answer|Brand|BreadcrumbList|FAQPage|ListItem|Offer|Organization|Product|PropertyValue|Question","","34","yes"
"/ar/products/custom-printed-tissue-paper.html","https://www.bestpackfactory.com/ar/products/custom-printed-tissue-paper.html","content-site/ar/products/custom-printed-tissue-paper.html","locale_mirror","public","ورق تیشو مطبوع مخصص | MOQ 500 | BestPackFactory","ورق تیشو مطبوع مخصص","1","ورق تیشو مطبوع مخصص من MOQ 500 قطعة بمقاس وخامة وطباعة وتشطيب حسب الطلب. دعم تجهيز العينات ومراقبة الجودة والشحن العالمي B2B لتجارب فتح المنتجات الفاخرة.","https://www.bestpackfactory.com/ar/products/custom-printed-tissue-paper.html","","0","Answer|Brand|BreadcrumbList|FAQPage|ListItem|Offer|Organization|Product|PropertyValue|Question","","34","yes"
"/ar/products/custom-retort-pouches-ready-meal-packaging.html","https://www.bestpackfactory.com/ar/products/custom-retort-pouches-ready-meal-packaging.html","content-site/ar/products/custom-retort-pouches-ready-meal-packaging.html","locale_mirror","public","أكياس ريتورت للوجبات الجاهزة | MOQ 500","أكياس ريتورت مخصصة لتغليف الوجبات الجاهزة","1","أكياس ريتورت مخصصة للوجبات الجاهزة من MOQ 500 قطعة تتحمل تعقيم 121-135 درجة مئوية. دعم تجهيز العينات ومراقبة الجودة والشحن العالمي B2B لقطاع الأغذية.","https://www.bestpackfactory.com/ar/products/custom-retort-pouches-ready-meal-packaging.html","","0","Answer|Brand|BreadcrumbList|FAQPage|ListItem|Offer|Organization|PriceSpecification|Product|PropertyValue|Question","","34","yes"
"/ar/products/custom-tea-packaging-bags.html","https://www.bestpackfactory.com/ar/products/custom-tea-packaging-bags.html","content-site/ar/products/custom-tea-packaging-bags.html","locale_mirror","public","أكياس تغليف شاي مخصصة | MOQ 500 | BestPackFactory","أكياس تغليف شاي مخصصة","1","أكياس تغليف شاي مخصصة من MOQ 500 قطعة بخامات عالية الحاجز وصمام وسحّاب وطباعة حسب الطلب. دعم تجهيز العينات ومراقبة الجودة والشحن العالمي B2B لعلامات الشاي.","https://www.bestpackfactory.com/ar/products/custom-tea-packaging-bags.html","","0","Answer|Brand|BreadcrumbList|FAQPage|ListItem|Offer|Organization|Product|PropertyValue|Question","","34","yes"
"/ar/products/kraft-paper-coffee-bags.html","https://www.bestpackfactory.com/ar/products/kraft-paper-coffee-bags.html","content-site/ar/products/kraft-paper-coffee-bags.html","locale_mirror","public","أكياس قهوة ورق كرافت | MOQ 500 | BestPackFactory","أكياس قهوة ورق كرافت","1","أكياس قهوة ورق كرافت مخصصة من MOQ 500 قطعة بصمام وسحّاب وطباعة كاملة الألوان حسب الطلب.","https://www.bestpackfactory.com/ar/products/kraft-paper-coffee-bags.html","","0","Answer|Brand|BreadcrumbList|FAQPage|ListItem|Offer|Organization|Product|PropertyValue|Question","","34","yes"
"/ar/products/labels-stickers.html","https://www.bestpackfactory.com/ar/products/labels-stickers.html","content-site/ar/products/labels-stickers.html","locale_mirror","public","ملصقات وستيكرات | MOQ 500 | BestPackFactory","ملصقات وستيكرات","1","ملصقات وستيكرات مخصصة من MOQ 500 قطعة بمقاس وخامة ولاصق وطباعة وتشطيب حسب الطلب. دعم تجهيز العينات ومراقبة الجودة والشحن العالمي B2B للزجاجات والتجزئة.","https://www.bestpackfactory.com/ar/products/labels-stickers.html","","0","Answer|Brand|BreadcrumbList|FAQPage|ListItem|Offer|Organization|Product|PropertyValue|Question","","34","yes"
"/ar/products/luxury-magnetic-boxes.html","https://www.bestpackfactory.com/ar/products/luxury-magnetic-boxes.html","content-site/ar/products/luxury-magnetic-boxes.html","locale_mirror","public","مصنع صناديق هدايا مغناطيسية | MOQ 500 | BestPackFactory","صناديق هدايا مغناطيسية مخصصة","1","صناديق هدايا مغناطيسية مخصصة بهياكل صلبة أو قابلة للطي وتشطيبات بعلامة تجارية وفواصل ملائمة. الحد الأدنى للطلب 500 قطعة. أرسل المواصفات لعرض سعر من المصنع.","https://www.bestpackfactory.com/ar/products/luxury-magnetic-boxes.html","","0","Answer|Brand|BreadcrumbList|FAQPage|ListItem|Offer|PriceSpecification|Product|PropertyValue|Question|WebPage","","40","yes"
"/ar/products/paper-bags.html","https://www.bestpackfactory.com/ar/products/paper-bags.html","content-site/ar/products/paper-bags.html","locale_mirror","public","مصنع أكياس ورقية مخصصة | MOQ 500 | BestPackFactory","أكياس ورقية مطبوعة مخصصة","1","أكياس ورقية مطبوعة مخصصة للتجزئة والهدايا والطلبات الخارجية، بورق كرافت أو مطلي وأساليب مقابض متعددة وتشطيبات بعلامة تجارية. الحد الأدنى للطلب 500 قطعة.","https://www.bestpackfactory.com/ar/products/paper-bags.html","","0","Answer|Brand|BreadcrumbList|FAQPage|ListItem|Offer|Product|PropertyValue|Question|WebPage","","42","yes"
"/ar/products/pet-food-bags.html","https://www.bestpackfactory.com/ar/products/pet-food-bags.html","content-site/ar/products/pet-food-bags.html","locale_mirror","public","أكياس طعام حيوانات أليفة | MOQ 500 | BestPackFactory","أكياس طعام الحيوانات الأليفة","1","أكياس طعام حيوانات أليفة مخصصة من MOQ 500 قطعة بمقاس وخامة وطباعة وتشطيب حسب الطلب.","https://www.bestpackfactory.com/ar/products/pet-food-bags.html","","0","Answer|Brand|BreadcrumbList|FAQPage|ListItem|Offer|Organization|Product|PropertyValue|Question","","34","yes"
"/ar/products/pharma-packaging.html","https://www.bestpackfactory.com/ar/products/pharma-packaging.html","content-site/ar/products/pharma-packaging.html","locale_mirror","public","تغليف دوائي | MOQ 500 قطعة | BestPackFactory","تغليف دوائي","1","تغليف دوائي مخصص من MOQ 500 قطعة بمقاس وخامة وطباعة وتشطيب حسب الطلب. دعم تجهيز العينات ومراقبة الجودة والشحن العالمي B2B لشركات الأدوية والرعاية الصحية.","https://www.bestpackfactory.com/ar/products/pharma-packaging.html","","0","Answer|Brand|BreadcrumbList|FAQPage|ListItem|Offer|Organization|Product|PropertyValue|Question","","34","yes"
"/ar/products/pharmaceutical-folding-cartons.html","https://www.bestpackfactory.com/ar/products/pharmaceutical-folding-cartons.html","content-site/ar/products/pharmaceutical-folding-cartons.html","locale_mirror","public","كراتين دوائية قابلة للطي | MOQ 500 | BestPackFactory","كراتين دوائية قابلة للطي","1","كراتين دوائية قابلة للطي مخصصة من MOQ 500 قطعة بمقاس وخامة وطباعة GS1 DataMatrix حسب الطلب.","https://www.bestpackfactory.com/ar/products/pharmaceutical-folding-cartons.html","","0","Answer|Brand|BreadcrumbList|FAQPage|ListItem|Offer|Organization|Product|PropertyValue|Question","","34","yes"
"/ar/products/pizza-packaging-boxes.html","https://www.bestpackfactory.com/ar/products/pizza-packaging-boxes.html","content-site/ar/products/pizza-packaging-boxes.html","locale_mirror","public","صناديق تغليف بيتزا | MOQ 500 | BestPackFactory","صناديق تغليف البيتزا","1","صناديق تغليف بيتزا مخصصة من MOQ 500 قطعة بمقاس وخامة وطباعة وتشطيب حسب الطلب. دعم تجهيز العينات ومراقبة الجودة والشحن العالمي B2B للمطاعم وسلاسل التوصيل.","https://www.bestpackfactory.com/ar/products/pizza-packaging-boxes.html","","0","Answer|Brand|BreadcrumbList|FAQPage|ListItem|Offer|Organization|Product|PropertyValue|Question","","32","yes"
"/ar/products/tin-boxes.html","https://www.bestpackfactory.com/ar/products/tin-boxes.html","content-site/ar/products/tin-boxes.html","locale_mirror","public","علب صفيح | MOQ 500 قطعة | BestPackFactory","علب صفيح","1","علب صفيح مخصصة من MOQ 500 قطعة بمقاس وشكل وخامة وطباعة وتشطيب حسب الطلب. دعم تجهيز العينات ومراقبة الجودة والشحن العالمي B2B للهدايا والأغذية والتجزئة.","https://www.bestpackfactory.com/ar/products/tin-boxes.html","","0","Answer|Brand|BreadcrumbList|FAQPage|ListItem|Offer|Organization|Product|PropertyValue|Question","","34","yes"
"/ar/products/wine-magnetic-gift-boxes.html","https://www.bestpackfactory.com/ar/products/wine-magnetic-gift-boxes.html","content-site/ar/products/wine-magnetic-gift-boxes.html","locale_mirror","public","صناديق هدايا مغناطيسية للنبيذ | MOQ 500","صناديق هدايا مغناطيسية للنبيذ","1","صناديق هدايا مغناطيسية مخصصة للنبيذ من MOQ 500 قطعة بفواصل إسفنجية وأشرطة وتشطيب فاخر حسب الطلب. دعم تجهيز العينات والشحن العالمي B2B للمنتجين والموزعين.","https://www.bestpackfactory.com/ar/products/wine-magnetic-gift-boxes.html","","0","Answer|Brand|BreadcrumbList|FAQPage|ListItem|Offer|Organization|Product|PropertyValue|Question","","34","yes"
"/authors/lisa-wu.html","https://www.bestpackfactory.com/authors/lisa-wu.html","content-site/authors/lisa-wu.html","author","public","Lisa Wu | Packaging Project Advisor","Lisa Wu","1","Meet Lisa Wu, BestPackFactory Sales Manager and Packaging Project Advisor for B2B custom packaging specifications, sampling and production coordination.","https://www.bestpackfactory.com/authors/lisa-wu.html","index, follow, max-image-preview:large, max-snippet:-1, max-video-preview:-1","0","BreadcrumbList|ListItem|Organization|Person|ProfilePage","","35","yes"
"/blog.html","https://www.bestpackfactory.com/blog.html","content-site/blog.html","other","public","Custom Packaging Blog and Buyer Guides | BestPackFactory","Custom Packaging Blog for B2B Buyers","1","Practical B2B guides for custom packaging buyers covering materials, box styles, MOQ, costs, artwork, samples, compliance, supplier checks and shipping.","https://www.bestpackfactory.com/blog.html","index, follow, max-image-preview:large, max-snippet:-1, max-video-preview:-1","0","BreadcrumbList|CollectionPage|ListItem","","114","yes"
"/blog/amazon-fba-sioc-packaging-requirements.html","https://www.bestpackfactory.com/blog/amazon-fba-sioc-packaging-requirements.html","content-site/blog/amazon-fba-sioc-packaging-requirements.html","blog","public","Amazon FBA SIOC Packaging: FNSKU Labels, Poly Bag Rules and Ship-in-Own-Container Testing | BestPackFactory","Amazon FBA SIOC Packaging: FNSKU Labels, Poly Bag Rules and Ship-in-Own-Container Testing","1","What Amazon FBA packaging compliance actually requires — FNSKU barcodes, poly bag specs, suffocation warnings and how to qualify for SIOC.","https://www.bestpackfactory.com/blog/amazon-fba-sioc-packaging-requirements.html","index, follow, max-image-preview:large, max-snippet:-1, max-video-preview:-1","0","Article|BreadcrumbList|ListItem|Organization|Person|WebPage","","15","yes"
"/blog/brand-packaging-brief-checklist-custom-packaging-rfq.html","https://www.bestpackfactory.com/blog/brand-packaging-brief-checklist-custom-packaging-rfq.html","content-site/blog/brand-packaging-brief-checklist-custom-packaging-rfq.html","blog","public","Brand Packaging Brief Checklist","Brand Packaging Brief Checklist for Custom Packaging RFQ","1","A brand packaging brief checklist for B2B buyers preparing custom packaging RFQs: product, dimensions, artwork, material, finish, insert, quantity and.","https://www.bestpackfactory.com/blog/brand-packaging-brief-checklist-custom-packaging-rfq.html","index, follow, max-image-preview:large, max-snippet:-1, max-video-preview:1","0","Answer|Article|BreadcrumbList|FAQPage|ImageObject|ListItem|Organization|Person|Question","","21","yes"
"/blog/candle-packaging-materials-guide.html","https://www.bestpackfactory.com/blog/candle-packaging-materials-guide.html","content-site/blog/candle-packaging-materials-guide.html","blog","public","Candle Packaging Materials: Boxes, Labels and Shipping Inserts | BestPackFactory","Candle Packaging Materials: Boxes, Labels and Shipping Inserts","1","Complete guide to packaging materials for candle brands — rigid boxes, kraft sleeves, label printing and corrugated inserts that protect glass jars in.","https://www.bestpackfactory.com/blog/candle-packaging-materials-guide.html","index, follow, max-image-preview:large, max-snippet:-1, max-video-preview:-1","0","Article|BreadcrumbList|ListItem|Organization|Person|WebPage","","15","yes"
"/blog/cannabis-mylar-bag-child-resistant-checklist.html","https://www.bestpackfactory.com/blog/cannabis-mylar-bag-child-resistant-checklist.html","content-site/blog/cannabis-mylar-bag-child-resistant-checklist.html","blog","public","Cannabis Mylar Bag CR Checklist | BestPackFactory","Cannabis Mylar Bag Child Resistant Checklist","1","Buyer checklist for cannabis mylar bags with child-resistant closures, smell-proof barrier, ASTM D3475 references, artwork, samples, QC and RFQ.","https://www.bestpackfactory.com/blog/cannabis-mylar-bag-child-resistant-checklist.html","","0","Article|BreadcrumbList|ImageObject|ListItem|Organization|Person|WebPage","","42","yes"
"/blog/cannabis-mylar-bags-b2b-sourcing-guide.html","https://www.bestpackfactory.com/blog/cannabis-mylar-bags-b2b-sourcing-guide.html","content-site/blog/cannabis-mylar-bags-b2b-sourcing-guide.html","blog","public","Child-Resistant Cannabis Mylar Bags: B2B Guide","Child Resistant Cannabis Mylar Bags: B2B Sourcing Guide 2025","1","Complete B2B sourcing guide for child resistant cannabis mylar bags. ASTM D3475 compliance, custom printing, smell-proof materials, MOQ 500 PCS factory.","https://www.bestpackfactory.com/blog/cannabis-mylar-bags-b2b-sourcing-guide.html","index, follow, max-image-preview:large, max-snippet:-1, max-video-preview:-1","0","Article|BreadcrumbList|ImageObject|ListItem|Organization|Person","","21","yes"
"/blog/cannabis-packaging-compliance.html","https://www.bestpackfactory.com/blog/cannabis-packaging-compliance.html","content-site/blog/cannabis-packaging-compliance.html","blog","public","Cannabis and CBD Packaging Compliance: Child-Resistant, Opaque and State Rules | BestPackFactory","Cannabis and CBD Packaging Compliance: Child-Resistant, Opaque and State Rules","1","Guide to child-resistant packaging requirements, opaque bag regulations, warning labels and resealable options for cannabis and CBD brands.","https://www.bestpackfactory.com/blog/cannabis-packaging-compliance.html","index, follow, max-image-preview:large, max-snippet:-1, max-video-preview:-1","0","Article|BreadcrumbList|ListItem|Organization|Person|WebPage","","16","yes"
"/blog/cardstock-product-boxes-and-food-packaging-box-procurement-guide.html","https://www.bestpackfactory.com/blog/cardstock-product-boxes-and-food-packaging-box-procurement-guide.html","content-site/blog/cardstock-product-boxes-and-food-packaging-box-procurement-guide.html","blog","public","Cardstock & Food Packaging Box Buyer Guide","Cardstock Product Boxes and Food Packaging Box Procurement Guide","1","A B2B sourcing guide for cardstock product boxes, food packaging box structures, retail cartons and printing parameters.","https://www.bestpackfactory.com/blog/cardstock-product-boxes-and-food-packaging-box-procurement-guide.html","index, follow, max-image-preview:large, max-snippet:-1, max-video-preview:-1","0","Answer|Article|BreadcrumbList|FAQPage|ImageObject|ListItem|Organization|Person|Question|WebPage","","44","yes"
"/blog/china-packaging-factory-audit-checklist.html","https://www.bestpackfactory.com/blog/china-packaging-factory-audit-checklist.html","content-site/blog/china-packaging-factory-audit-checklist.html","blog","public","China Packaging Factory Audit Checklist: 25 Questions to Ask Before Ordering | BestPackFactory","China Packaging Factory Audit Checklist: 25 Questions to Ask Before Ordering","1","Before placing a large order with a China packaging factory, ask these 25 audit questions covering quality systems, certifications, production capacity.","https://www.bestpackfactory.com/blog/china-packaging-factory-audit-checklist.html","index, follow, max-image-preview:large, max-snippet:-1, max-video-preview:-1","0","Article|BreadcrumbList|ListItem|Organization|Person|WebPage","","16","yes"
"/blog/chinese-packaging-supplier-payment-terms.html","https://www.bestpackfactory.com/blog/chinese-packaging-supplier-payment-terms.html","content-site/blog/chinese-packaging-supplier-payment-terms.html","blog","public","Payment Terms When Ordering Packaging from China: T/T, LC, PayPal and Escrow | BestPackFactory","Payment Terms When Ordering Packaging from China: T/T, LC, PayPal and Escrow","1","How payment works with Chinese packaging factories — 30/70 T/T explained, letter of credit requirements, PayPal limits and how to protect yourself as a.","https://www.bestpackfactory.com/blog/chinese-packaging-supplier-payment-terms.html","index, follow, max-image-preview:large, max-snippet:-1, max-video-preview:-1","0","Article|BreadcrumbList|ListItem|Organization|Person|WebPage","","15","yes"
"/blog/coffee-bag-material-guide.html","https://www.bestpackfactory.com/blog/coffee-bag-material-guide.html","content-site/blog/coffee-bag-material-guide.html","blog","public","Coffee Bag Material Guide | BestPackFactory","Coffee Bag Material Guide","1","How to choose between MOPP/VMPET/PE, PET/AL/PE and kraft coffee bag structures, with valve position, zipper type and the test methods used to verify.","https://www.bestpackfactory.com/blog/coffee-bag-material-guide.html","index, follow, max-image-preview:large, max-snippet:-1, max-video-preview:-1","0","Article|BreadcrumbList|ListItem|Organization|Person|WebPage","","35","yes"
"/blog/coffee-bag-packaging-guide.html","https://www.bestpackfactory.com/blog/coffee-bag-packaging-guide.html","content-site/blog/coffee-bag-packaging-guide.html","blog","public","Coffee Bag Packaging: Valve, Zipper and Material Options | BestPackFactory","Coffee Bag Packaging: Valve, Zipper and Material Options","1","A B2B guide to one-way degassing valves, resealable zippers, multilayer laminates and print options for custom coffee bags.","https://www.bestpackfactory.com/blog/coffee-bag-packaging-guide.html","index, follow, max-image-preview:large, max-snippet:-1, max-video-preview:-1","0","Article|BreadcrumbList|ListItem|Organization|Person|WebPage","","18","yes"
"/blog/coffee-bag-pinhole-vs-degassing-valve-troubleshooting.html","https://www.bestpackfactory.com/blog/coffee-bag-pinhole-vs-degassing-valve-troubleshooting.html","content-site/blog/coffee-bag-pinhole-vs-degassing-valve-troubleshooting.html","blog","public","Coffee Bag Pinholes vs Degassing Valves Guide","Coffee Bag Pinholes vs Degassing Valves: A Buyer Troubleshooting Guide","1","Learn why random pinholes are not a substitute for a one-way coffee valve and how to inspect film, seals, valve placement and packed-bag performance.","https://www.bestpackfactory.com/blog/coffee-bag-pinhole-vs-degassing-valve-troubleshooting.html","index, follow, max-image-preview:large, max-snippet:-1, max-video-preview:-1","0","Answer|Article|BreadcrumbList|FAQPage|ImageObject|ListItem|Organization|Person|Question|WebPage","","23","yes"
"/blog/coffee-bags-rfq-preparation-checklist.html","https://www.bestpackfactory.com/blog/coffee-bags-rfq-preparation-checklist.html","content-site/blog/coffee-bags-rfq-preparation-checklist.html","blog","public","Custom Coffee Bags RFQ Checklist | BestPackFactory","How to Prepare RFQ for Custom Coffee Bags","1","RFQ checklist for custom coffee bags covering bag style, fill weight, valve, zipper, barrier film, kraft or foil material, samples, QC and shipping.","https://www.bestpackfactory.com/blog/coffee-bags-rfq-preparation-checklist.html","","0","Article|BreadcrumbList|ImageObject|ListItem|Organization|Person|WebPage","","41","yes"
"/blog/cold-chain-packaging-guide.html","https://www.bestpackfactory.com/blog/cold-chain-packaging-guide.html","content-site/blog/cold-chain-packaging-guide.html","blog","public","Cold Chain Packaging: Insulated Boxes, Gel Packs and Dry Ice Requirements | BestPackFactory","Cold Chain Packaging: Insulated Boxes, Gel Packs and Dry Ice Requirements","1","How to choose packaging for temperature-sensitive shipments — EPS foam boxes, corrugated insulated liners, gel pack sizing and dry ice regulations for.","https://www.bestpackfactory.com/blog/cold-chain-packaging-guide.html","index, follow, max-image-preview:large, max-snippet:-1, max-video-preview:-1","0","Article|BreadcrumbList|ListItem|Organization|Person|WebPage","","15","yes"
"/blog/corrugated-box-printing-guide.html","https://www.bestpackfactory.com/blog/corrugated-box-printing-guide.html","content-site/blog/corrugated-box-printing-guide.html","blog","public","Corrugated Box Printing: Flexo, Digital and Litho-Laminate Explained | BestPackFactory","Corrugated Box Printing: Flexo, Digital and Litho-Laminate Explained","1","When to use flexo, digital or litho-laminate printing for corrugated shipping boxes — quality comparison, cost thresholds and artwork requirements.","https://www.bestpackfactory.com/blog/corrugated-box-printing-guide.html","index, follow, max-image-preview:large, max-snippet:-1, max-video-preview:-1","0","Article|BreadcrumbList|ListItem|Organization|Person|WebPage","","15","yes"
"/blog/corrugated-mailer-box-vs-rigid-box-ecommerce-packaging-guide.html","https://www.bestpackfactory.com/blog/corrugated-mailer-box-vs-rigid-box-ecommerce-packaging-guide.html","content-site/blog/corrugated-mailer-box-vs-rigid-box-ecommerce-packaging-guide.html","blog","public","Mailer Box vs Rigid Box: Ecommerce Guide","Corrugated Mailer Box vs Rigid Box: Ecommerce Packaging Strategy Guide","1","Compare corrugated mailer box, rigid box and custom gift box options for ecommerce, retail and subscription packaging.","https://www.bestpackfactory.com/blog/corrugated-mailer-box-vs-rigid-box-ecommerce-packaging-guide.html","index, follow, max-image-preview:large, max-snippet:-1, max-video-preview:-1","0","Answer|Article|BreadcrumbList|FAQPage|ImageObject|ListItem|Organization|Person|Question|WebPage","","44","yes"
"/blog/cosmetic-packaging-materials.html","https://www.bestpackfactory.com/blog/cosmetic-packaging-materials.html","content-site/blog/cosmetic-packaging-materials.html","blog","public","Cosmetic Packaging Materials: Boxes, Pouches, Tubes and Label Guide | BestPackFactory","Cosmetic Packaging Materials: Boxes, Pouches, Tubes and Label Guide","1","How to choose the right material for cosmetic packaging — paperboard grades, foil pouches, tube laminates and label stocks for skincare brands.","https://www.bestpackfactory.com/blog/cosmetic-packaging-materials.html","index, follow, max-image-preview:large, max-snippet:-1, max-video-preview:-1","0","Article|BreadcrumbList|ListItem|Organization|Person|WebPage","","15","yes"
"/blog/cosmetic-serum-box-guide.html","https://www.bestpackfactory.com/blog/cosmetic-serum-box-guide.html","content-site/blog/cosmetic-serum-box-guide.html","blog","public","Cosmetic Serum and Skincare Box Packaging: Materials and Print Options | BestPackFactory","Cosmetic Serum and Skincare Box Packaging: Materials and Print Options","1","How to source custom serum and skincare folding carton boxes — board grades, print specifications, finishes and regulatory label requirements.","https://www.bestpackfactory.com/blog/cosmetic-serum-box-guide.html","index, follow, max-image-preview:large, max-snippet:-1, max-video-preview:-1","0","Article|BreadcrumbList|ListItem|Organization|Person|WebPage","","15","yes"
"/blog/custom-coffee-bags-buying-guide-materials-valves.html","https://www.bestpackfactory.com/blog/custom-coffee-bags-buying-guide-materials-valves.html","content-site/blog/custom-coffee-bags-buying-guide-materials-valves.html","blog","public","Custom Coffee Bags: Materials, Valves & MOQ","Custom Coffee Bags Buying Guide: Materials, Valves & MOQ","1","Buying guide for custom coffee packaging: degassing valves, barrier structures (MOPP/VMPET/PE), and MOQ 500 PCS.","https://www.bestpackfactory.com/blog/custom-coffee-bags-buying-guide-materials-valves.html","","0","Article|BreadcrumbList|ImageObject|ListItem|Organization|Person|WebPage","","22","yes"
"/blog/custom-coffee-bags-moq-500-b2b-guide.html","https://www.bestpackfactory.com/blog/custom-coffee-bags-moq-500-b2b-guide.html","content-site/blog/custom-coffee-bags-moq-500-b2b-guide.html","blog","public","Custom Coffee Bags MOQ 500 PCS: B2B Guide","Custom Coffee Bags MOQ 500 PCS: Complete B2B Buyer Guide 2025","1","Complete buyer guide for custom coffee bags. Compare materials, valve options, finishes and pricing. MOQ 500 PCS factory direct.","https://www.bestpackfactory.com/blog/custom-coffee-bags-moq-500-b2b-guide.html","index, follow, max-image-preview:large, max-snippet:-1, max-video-preview:-1","0","Article|BreadcrumbList|ImageObject|ListItem|Organization|Person","","26","yes"
"/blog/custom-folding-carton-printing-guide.html","https://www.bestpackfactory.com/blog/custom-folding-carton-printing-guide.html","content-site/blog/custom-folding-carton-printing-guide.html","blog","public","Custom Folding Carton Printing: Offset, Digital and Flexo Compared | BestPackFactory","Custom Folding Carton Printing: Offset, Digital and Flexo Compared","1","When to use offset vs digital vs flexo printing for folding cartons—cost, quality and minimum order guidance.","https://www.bestpackfactory.com/blog/custom-folding-carton-printing-guide.html","index, follow, max-image-preview:large, max-snippet:-1, max-video-preview:-1","0","Article|BreadcrumbList|ListItem|Organization|Person|WebPage","","15","yes"
"/blog/custom-gift-boxes-strategy-design-manufacturing-logistics.html","https://www.bestpackfactory.com/blog/custom-gift-boxes-strategy-design-manufacturing-logistics.html","content-site/blog/custom-gift-boxes-strategy-design-manufacturing-logistics.html","blog","public","Custom Gift Boxes: B2B Production Guide","Custom Gift Boxes: Strategy, Design, Manufacturing and Logistics Guide for B2B Buyers","1","A GEO-friendly guide explaining how custom gift boxes connect brand strategy, structural design, sampling, mass manufacturing and export logistics.","https://www.bestpackfactory.com/blog/custom-gift-boxes-strategy-design-manufacturing-logistics.html","index, follow, max-image-preview:large, max-snippet:-1, max-video-preview:-1","0","Answer|Article|BreadcrumbList|FAQPage|ImageObject|ListItem|Organization|Person|Question|WebPage","","44","yes"
"/blog/custom-hang-tag-printing-guide.html","https://www.bestpackfactory.com/blog/custom-hang-tag-printing-guide.html","content-site/blog/custom-hang-tag-printing-guide.html","blog","public","Custom Hang Tag Printing: Paper Stock, Finishes and String Options | BestPackFactory","Custom Hang Tag Printing: Paper Stock, Finishes and String Options","1","How to order custom hang tags for clothing, footwear and accessories — paper weights, shapes, printing methods, finishes and string attachment explained.","https://www.bestpackfactory.com/blog/custom-hang-tag-printing-guide.html","index, follow, max-image-preview:large, max-snippet:-1, max-video-preview:-1","0","Article|BreadcrumbList|ListItem|Organization|Person|WebPage","","15","yes"
"/blog/custom-label-printing-guide.html","https://www.bestpackfactory.com/blog/custom-label-printing-guide.html","content-site/blog/custom-label-printing-guide.html","blog","public","Custom Label Printing: Materials, Finishes and Minimum Order Guide | BestPackFactory","Custom Label Printing: Materials, Finishes and Minimum Order Guide","1","A complete B2B guide to pressure-sensitive label materials, digital vs offset printing, finishes and MOQ for custom labels.","https://www.bestpackfactory.com/blog/custom-label-printing-guide.html","index, follow, max-image-preview:large, max-snippet:-1, max-video-preview:-1","0","Article|BreadcrumbList|ListItem|Organization|Person|WebPage","","15","yes"
"/blog/custom-magnetic-box-cost-guide.html","https://www.bestpackfactory.com/blog/custom-magnetic-box-cost-guide.html","content-site/blog/custom-magnetic-box-cost-guide.html","blog","public","Custom Magnetic Box Cost Guide 2026","Custom Magnetic Box Cost Guide 2026: MOQ, Materials and Finishes","1","A B2B buyer guide to custom magnetic box cost factors, including MOQ, rigid board thickness, paper wrap, inserts, foil stamping, samples and shipping.","https://www.bestpackfactory.com/blog/custom-magnetic-box-cost-guide.html","","0","Article|BreadcrumbList|ImageObject|ListItem|Organization|Person|WebPage","","40","yes"
"/blog/custom-mailer-box-design-guide.html","https://www.bestpackfactory.com/blog/custom-mailer-box-design-guide.html","content-site/blog/custom-mailer-box-design-guide.html","blog","public","Custom Mailer Box Design: Corrugated vs Rigid for E-Commerce | BestPackFactory","Custom Mailer Box Design: Corrugated vs Rigid for E-Commerce","1","Corrugated mailer box vs rigid setup box comparison for direct-to-consumer and Amazon FBA brands.","https://www.bestpackfactory.com/blog/custom-mailer-box-design-guide.html","index, follow, max-image-preview:large, max-snippet:-1, max-video-preview:-1","0","Article|BreadcrumbList|ListItem|Organization|Person|WebPage","","15","yes"
"/blog/custom-mylar-bag-printing-guide.html","https://www.bestpackfactory.com/blog/custom-mylar-bag-printing-guide.html","content-site/blog/custom-mylar-bag-printing-guide.html","blog","public","Custom Mylar Bag Printing: Structures, Finishes and Child-Resistant Options | BestPackFactory","Custom Mylar Bag Printing: Structures, Finishes and Child-Resistant Options","1","How to design and order custom printed Mylar bags — laminate structures, print methods, zipper types, child-resistant compliance and MOQ explained.","https://www.bestpackfactory.com/blog/custom-mylar-bag-printing-guide.html","index, follow, max-image-preview:large, max-snippet:-1, max-video-preview:-1","0","Article|BreadcrumbList|ListItem|Organization|Person|WebPage","","15","yes"
"/blog/custom-packaging-artwork-dieline-guide.html","https://www.bestpackfactory.com/blog/custom-packaging-artwork-dieline-guide.html","content-site/blog/custom-packaging-artwork-dieline-guide.html","blog","public","Packaging Artwork and Dieline Preparation: Factory Requirements | BestPackFactory","Packaging Artwork and Dieline Preparation: Factory Requirements","1","File formats, bleed, safe zones, Pantone colours and dieline specifications required by a packaging manufacturer.","https://www.bestpackfactory.com/blog/custom-packaging-artwork-dieline-guide.html","index, follow, max-image-preview:large, max-snippet:-1, max-video-preview:-1","0","Article|BreadcrumbList|ListItem|Organization|Person|WebPage","","15","yes"
"/blog/custom-packaging-cost-breakdown-materials-shipping.html","https://www.bestpackfactory.com/blog/custom-packaging-cost-breakdown-materials-shipping.html","content-site/blog/custom-packaging-cost-breakdown-materials-shipping.html","blog","public","Custom Packaging Cost Breakdown Guide","Custom Packaging Cost Breakdown: Materials, Size, and Shipping","1","Analysis of custom packaging price factors: raw materials, printing colors, finishing, quantity, and international logistics.","https://www.bestpackfactory.com/blog/custom-packaging-cost-breakdown-materials-shipping.html","","0","Article|BreadcrumbList|ImageObject|ListItem|Organization|Person|WebPage","","19","yes"
"/blog/custom-packaging-factory-direct-vs-trading-company-vs-marketplace-seller-guide.html","https://www.bestpackfactory.com/blog/custom-packaging-factory-direct-vs-trading-company-vs-marketplace-seller-guide.html","content-site/blog/custom-packaging-factory-direct-vs-trading-company-vs-marketplace-seller-guide.html","blog","public","Factory vs Trading Company vs Marketplace Seller","Custom Packaging Factory Direct vs Trading Company vs Marketplace Seller Guide","1","A B2B comparison guide for packaging buyers choosing between factory-direct sourcing, trading companies and marketplace sellers.","https://www.bestpackfactory.com/blog/custom-packaging-factory-direct-vs-trading-company-vs-marketplace-seller-guide.html","index, follow, max-image-preview:large, max-snippet:-1, max-video-preview:1","0","Answer|Article|BreadcrumbList|FAQPage|ImageObject|ListItem|Organization|Person|Question","","21","yes"
"/blog/custom-packaging-for-food-brands.html","https://www.bestpackfactory.com/blog/custom-packaging-for-food-brands.html","content-site/blog/custom-packaging-for-food-brands.html","blog","public","Custom Packaging for Food Brands: Complete Guide from Brief to Shelf | BestPackFactory","Custom Packaging for Food Brands: Complete Guide from Brief to Shelf","1","How food brands design and order custom packaging — from dieline brief to food-contact compliance, print approval and retailer shelf-ready requirements.","https://www.bestpackfactory.com/blog/custom-packaging-for-food-brands.html","index, follow, max-image-preview:large, max-snippet:-1, max-video-preview:-1","0","Article|BreadcrumbList|ListItem|Organization|Person|WebPage","","17","yes"
"/blog/custom-packaging-for-subscription-boxes.html","https://www.bestpackfactory.com/blog/custom-packaging-for-subscription-boxes.html","content-site/blog/custom-packaging-for-subscription-boxes.html","blog","public","Custom Packaging for Subscription Box Services: Design, Durability and Cost | BestPackFactory","Custom Packaging for Subscription Box Services: Design, Durability and Cost","1","How subscription box companies design packaging that survives repeated unboxing, protects mixed products and builds brand loyalty at competitive per-unit.","https://www.bestpackfactory.com/blog/custom-packaging-for-subscription-boxes.html","index, follow, max-image-preview:large, max-snippet:-1, max-video-preview:-1","0","Article|BreadcrumbList|ListItem|Organization|Person|WebPage","","15","yes"
"/blog/custom-packaging-format-decision-guide.html","https://www.bestpackfactory.com/blog/custom-packaging-format-decision-guide.html","content-site/blog/custom-packaging-format-decision-guide.html","blog","public","Custom Packaging Format Decision Guide | BestPackFactory","Custom Packaging Format Decision Guide","1","A decision guide for custom packaging buyers choosing between boxes, pouches, bags, labels and rigid packaging.","https://www.bestpackfactory.com/blog/custom-packaging-format-decision-guide.html","index, follow, max-image-preview:large, max-snippet:-1, max-video-preview:1","0","Answer|Article|BreadcrumbList|FAQPage|ImageObject|ListItem|Organization|Person|Question","","21","yes"
"/blog/custom-packaging-insert-inner-tray-guide.html","https://www.bestpackfactory.com/blog/custom-packaging-insert-inner-tray-guide.html","content-site/blog/custom-packaging-insert-inner-tray-guide.html","blog","public","Packaging Inserts & Inner Trays: Material Guide","Custom Packaging Insert and Inner Tray Guide","1","A B2B guide to choosing foam inserts, paperboard trays, PET trays, molded pulp and dividers for custom boxes, gift packaging and product protection.","https://www.bestpackfactory.com/blog/custom-packaging-insert-inner-tray-guide.html","index, follow, max-image-preview:large, max-snippet:-1, max-video-preview:1","0","Answer|Article|BreadcrumbList|FAQPage|ImageObject|ListItem|Organization|Person|Question","","21","yes"
"/blog/custom-packaging-landed-cost-calculator-buyer-guide.html","https://www.bestpackfactory.com/blog/custom-packaging-landed-cost-calculator-buyer-guide.html","content-site/blog/custom-packaging-landed-cost-calculator-buyer-guide.html","blog","public","Custom Packaging Landed Cost Calculator","Custom Packaging Landed Cost Calculator: What Buyers Must Include","1","Calculate the true landed cost of custom packaging by including tooling, printing, cartons, freight, duties, inspection and damage risk—not only unit.","https://www.bestpackfactory.com/blog/custom-packaging-landed-cost-calculator-buyer-guide.html","index, follow, max-image-preview:large, max-snippet:-1, max-video-preview:-1","0","Answer|Article|BreadcrumbList|FAQPage|ImageObject|ListItem|Organization|Person|Question|WebPage","","23","yes"
"/blog/custom-packaging-lead-time-guide.html","https://www.bestpackfactory.com/blog/custom-packaging-lead-time-guide.html","content-site/blog/custom-packaging-lead-time-guide.html","blog","public","Custom Packaging Lead Time Guide","Custom Packaging Lead Time Guide: Dieline, Sample, Production and Shipping","1","A procurement guide to custom packaging lead time, including dieline preparation, artwork, sample approval, mass production, QC and export shipping.","https://www.bestpackfactory.com/blog/custom-packaging-lead-time-guide.html","","0","Article|BreadcrumbList|ImageObject|ListItem|Organization|Person|WebPage","","40","yes"
"/blog/custom-packaging-material-selection-guide.html","https://www.bestpackfactory.com/blog/custom-packaging-material-selection-guide.html","content-site/blog/custom-packaging-material-selection-guide.html","blog","public","Custom Packaging Material Selection Guide","Custom Packaging Material Selection Guide","1","A B2B custom packaging material selection guide for choosing paperboard, kraft paper, PET, PE, aluminum foil, rigid board and laminated films before.","https://www.bestpackfactory.com/blog/custom-packaging-material-selection-guide.html","index, follow, max-image-preview:large, max-snippet:-1, max-video-preview:1","0","Answer|Article|BreadcrumbList|FAQPage|ImageObject|ListItem|Organization|Person|Question","","21","yes"
"/blog/custom-packaging-moq-500-pcs-sourcing-guide.html","https://www.bestpackfactory.com/blog/custom-packaging-moq-500-pcs-sourcing-guide.html","content-site/blog/custom-packaging-moq-500-pcs-sourcing-guide.html","blog","public","Custom Packaging MOQ 500 PCS: Sourcing Guide","Custom Packaging MOQ 500 PCS: Sourcing Guide for Growing Brands","1","How small brands can start factory-direct custom packaging orders with MOQ 500 PCS. Technical guide for B2B buyers.","https://www.bestpackfactory.com/blog/custom-packaging-moq-500-pcs-sourcing-guide.html","","0","Article|BreadcrumbList|ImageObject|ListItem|Organization|Person|WebPage","","21","yes"
"/blog/custom-packaging-moq-500-real-cost-factors.html","https://www.bestpackfactory.com/blog/custom-packaging-moq-500-real-cost-factors.html","content-site/blog/custom-packaging-moq-500-real-cost-factors.html","blog","public","Custom Packaging MOQ 500 PCS Cost Factors | BestPackFactory","Custom Packaging MOQ 500 PCS: Real Cost Factors","1","B2B buyer guide to MOQ 500 PCS custom packaging cost factors: size, material, printing, setup, samples, QC, shipping and RFQ details.","https://www.bestpackfactory.com/blog/custom-packaging-moq-500-real-cost-factors.html","","0","Article|BreadcrumbList|ImageObject|ListItem|Organization|Person|WebPage","","41","yes"
"/blog/custom-packaging-moq-500-what-you-need-to-know.html","https://www.bestpackfactory.com/blog/custom-packaging-moq-500-what-you-need-to-know.html","content-site/blog/custom-packaging-moq-500-what-you-need-to-know.html","blog","public","Custom Packaging MOQ 500 PCS: Buyer Guide","Custom Packaging MOQ 500 PCS: What B2B Buyers Need to Know","1","Everything B2B buyers need to know about MOQ 500 PCS custom packaging. Learn about pricing, lead times, artwork requirements and how to place your first.","https://www.bestpackfactory.com/blog/custom-packaging-moq-500-what-you-need-to-know.html","index, follow, max-image-preview:large, max-snippet:-1, max-video-preview:-1","0","Answer|Article|BreadcrumbList|FAQPage|ImageObject|ListItem|Organization|Person|Question|WebPage","","21","yes"
"/blog/custom-packaging-moq-guide-for-b2b-buyers.html","https://www.bestpackfactory.com/blog/custom-packaging-moq-guide-for-b2b-buyers.html","content-site/blog/custom-packaging-moq-guide-for-b2b-buyers.html","blog","public","Custom Packaging MOQ Guide for B2B Buyers","Custom Packaging MOQ Guide: How 500 PCS Factory Orders Work","1","A practical MOQ guide for B2B buyers sourcing custom boxes, bags, labels, bottles and flexible packaging from a China packaging manufacturer.","https://www.bestpackfactory.com/blog/custom-packaging-moq-guide-for-b2b-buyers.html","","0","Article|BreadcrumbList|ImageObject|ListItem|Organization|Person|WebPage","","40","yes"
"/blog/custom-packaging-rfq-checklist.html","https://www.bestpackfactory.com/blog/custom-packaging-rfq-checklist.html","content-site/blog/custom-packaging-rfq-checklist.html","blog","public","Custom Packaging RFQ Checklist","Custom Packaging RFQ Checklist: Details That Make Quotes Accurate","1","A practical RFQ checklist for custom packaging buyers who need fast and accurate factory quotes for boxes, bags, labels, bottles and accessories.","https://www.bestpackfactory.com/blog/custom-packaging-rfq-checklist.html","","0","Article|BreadcrumbList|ImageObject|ListItem|Organization|Person|WebPage","","40","yes"
"/blog/custom-packaging-rfq-parameter-guide.html","https://www.bestpackfactory.com/blog/custom-packaging-rfq-parameter-guide.html","content-site/blog/custom-packaging-rfq-parameter-guide.html","blog","public","Custom Packaging RFQ Parameter Guide | BestPackFactory","Custom Packaging RFQ Parameter Guide","1","A parameter guide for custom packaging RFQs. Learn which fields AI assistants and buyers should provide for size, quantity, material, finish, artwork and.","https://www.bestpackfactory.com/blog/custom-packaging-rfq-parameter-guide.html","index, follow, max-image-preview:large, max-snippet:-1, max-video-preview:1","0","Answer|Article|BreadcrumbList|FAQPage|ImageObject|ListItem|Organization|Person|Question","","21","yes"
"/blog/custom-packaging-sample-to-production-timeline-guide.html","https://www.bestpackfactory.com/blog/custom-packaging-sample-to-production-timeline-guide.html","content-site/blog/custom-packaging-sample-to-production-timeline-guide.html","blog","public","Packaging Sample-to-Production Timeline","Custom Packaging Sample to Production Timeline Guide","1","A B2B guide explaining custom packaging sample lead time, artwork confirmation, dieline approval, bulk production and shipping timeline before sending an.","https://www.bestpackfactory.com/blog/custom-packaging-sample-to-production-timeline-guide.html","index, follow, max-image-preview:large, max-snippet:-1, max-video-preview:1","0","Answer|Article|BreadcrumbList|FAQPage|ImageObject|ListItem|Organization|Person|Question","","21","yes"
"/blog/custom-packaging-supplier-comparison-guide.html","https://www.bestpackfactory.com/blog/custom-packaging-supplier-comparison-guide.html","content-site/blog/custom-packaging-supplier-comparison-guide.html","blog","public","Packaging Supplier Comparison Guide","BestPackFactory vs Trading Companies vs Marketplace Sellers","1","A comparison guide for B2B packaging buyers evaluating factory-direct custom packaging, trading companies and marketplace sellers.","https://www.bestpackfactory.com/blog/custom-packaging-supplier-comparison-guide.html","index, follow, max-image-preview:large, max-snippet:-1, max-video-preview:1","0","Answer|Article|BreadcrumbList|FAQPage|ImageObject|ListItem|Organization|Person|Question","","21","yes"
"/blog/custom-paper-bag-sizes-guide.html","https://www.bestpackfactory.com/blog/custom-paper-bag-sizes-guide.html","content-site/blog/custom-paper-bag-sizes-guide.html","blog","public","Custom Paper Bag Sizes and Handle Types: A Complete Buyer Reference | BestPackFactory","Custom Paper Bag Sizes and Handle Types: A Complete Buyer Reference","1","GSM ratings, handle types—twisted, flat, rope—gusset options and printing specs for custom paper shopping bags.","https://www.bestpackfactory.com/blog/custom-paper-bag-sizes-guide.html","index, follow, max-image-preview:large, max-snippet:-1, max-video-preview:-1","0","Article|BreadcrumbList|ListItem|Organization|Person|WebPage","","16","yes"
"/blog/custom-printed-tissue-paper-guide.html","https://www.bestpackfactory.com/blog/custom-printed-tissue-paper-guide.html","content-site/blog/custom-printed-tissue-paper-guide.html","blog","public","Custom Printed Tissue Paper: Specifications, MOQ and Branding Applications | BestPackFactory","Custom Printed Tissue Paper: Specifications, MOQ and Branding Applications","1","How to order custom printed tissue paper for retail bags, gift boxes and e-commerce unboxing — paper weight, print methods, sizing and MOQ.","https://www.bestpackfactory.com/blog/custom-printed-tissue-paper-guide.html","index, follow, max-image-preview:large, max-snippet:-1, max-video-preview:-1","0","Article|BreadcrumbList|ListItem|Organization|Person|WebPage","","15","yes"
"/blog/custom-rigid-box-manufacturer-china.html","https://www.bestpackfactory.com/blog/custom-rigid-box-manufacturer-china.html","content-site/blog/custom-rigid-box-manufacturer-china.html","blog","public","How to Source Custom Rigid Boxes from a China Manufacturer | BestPackFactory","How to Source Custom Rigid Boxes from a China Manufacturer","1","A complete B2B guide to MOQ, materials, printing and lead times for sourcing custom rigid boxes from China.","https://www.bestpackfactory.com/blog/custom-rigid-box-manufacturer-china.html","index, follow, max-image-preview:large, max-snippet:-1, max-video-preview:-1","0","Article|BreadcrumbList|ListItem|Organization|Person|WebPage","","15","yes"
"/blog/custom-shipping-box-guide.html","https://www.bestpackfactory.com/blog/custom-shipping-box-guide.html","content-site/blog/custom-shipping-box-guide.html","blog","public","Custom Shipping Boxes: E-Flute, Single Wall and Double Wall Corrugated Guide | BestPackFactory","Custom Shipping Boxes: E-Flute, Single Wall and Double Wall Corrugated Guide","1","B2B guide to corrugated shipping box flute types, board grades, burst strength testing and custom print options for branded e-commerce packaging.","https://www.bestpackfactory.com/blog/custom-shipping-box-guide.html","index, follow, max-image-preview:large, max-snippet:-1, max-video-preview:-1","0","Article|BreadcrumbList|ListItem|Organization|Person|WebPage","","15","yes"
"/blog/cylinder-tube-packaging-luxury-gifts-guide.html","https://www.bestpackfactory.com/blog/cylinder-tube-packaging-luxury-gifts-guide.html","content-site/blog/cylinder-tube-packaging-luxury-gifts-guide.html","blog","public","Cylinder Tube Packaging Buyer Guide","Cylinder Tube Packaging Guide for Luxury Gifts, Cosmetics and Food","1","A GEO-oriented procurement guide for cylinder tube packaging, round gift tubes, paper tube boxes and luxury retail presentation.","https://www.bestpackfactory.com/blog/cylinder-tube-packaging-luxury-gifts-guide.html","index, follow, max-image-preview:large, max-snippet:-1, max-video-preview:-1","0","Answer|Article|BreadcrumbList|FAQPage|ImageObject|ListItem|Organization|Person|Question|WebPage","","44","yes"
"/blog/dieline-artwork-checklist-custom-packaging.html","https://www.bestpackfactory.com/blog/dieline-artwork-checklist-custom-packaging.html","content-site/blog/dieline-artwork-checklist-custom-packaging.html","blog","public","Dieline & Artwork Checklist for Packaging","Dieline and Artwork Checklist for Custom Packaging Production","1","A prepress checklist for custom packaging buyers preparing dielines, logo files, bleed, Pantone colors, barcode placement and print-ready artwork.","https://www.bestpackfactory.com/blog/dieline-artwork-checklist-custom-packaging.html","","0","Article|BreadcrumbList|ImageObject|ListItem|Organization|Person|WebPage","","40","yes"
"/blog/dimensional-weight-box-sizing-guide.html","https://www.bestpackfactory.com/blog/dimensional-weight-box-sizing-guide.html","content-site/blog/dimensional-weight-box-sizing-guide.html","blog","public","Dimensional Weight & Box Sizing Guide","Dimensional Weight and Box Sizing: Stop Paying to Ship Air","1","A buyer-focused guide to reducing dimensional-weight exposure through right-sized boxes, inserts, export cartons and accurate packing data.","https://www.bestpackfactory.com/blog/dimensional-weight-box-sizing-guide.html","index, follow, max-image-preview:large, max-snippet:-1, max-video-preview:-1","0","Answer|Article|BreadcrumbList|FAQPage|ImageObject|ListItem|Organization|Person|Question|WebPage","","24","yes"
"/blog/eco-friendly-packaging-options.html","https://www.bestpackfactory.com/blog/eco-friendly-packaging-options.html","content-site/blog/eco-friendly-packaging-options.html","blog","public","Eco-Friendly Packaging Options: Recycled, Biodegradable and FSC Materials | BestPackFactory","Eco-Friendly Packaging Options: Recycled, Biodegradable and FSC Materials","1","Practical guide to sustainable packaging materials — recycled board, biodegradable films, compostable pouches and FSC certification for B2B buyers.","https://www.bestpackfactory.com/blog/eco-friendly-packaging-options.html","index, follow, max-image-preview:large, max-snippet:-1, max-video-preview:-1","0","Article|BreadcrumbList|ListItem|Organization|Person|WebPage","","17","yes"
"/blog/flat-bottom-bag-vs-stand-up-pouch.html","https://www.bestpackfactory.com/blog/flat-bottom-bag-vs-stand-up-pouch.html","content-site/blog/flat-bottom-bag-vs-stand-up-pouch.html","blog","public","Flat Bottom Bag vs Stand Up Pouch | BestPackFactory","Flat Bottom Bag vs Stand Up Pouch Buyer Guide","1","B2B buyer guide comparing flat bottom bags and stand up pouches for coffee, pet food, snacks and supplements: cost, shelf display, MOQ and RFQ.","https://www.bestpackfactory.com/blog/flat-bottom-bag-vs-stand-up-pouch.html","","0","Article|BreadcrumbList|ImageObject|ListItem|Organization|Person|WebPage","","42","yes"
"/blog/flat-pack-vs-assembled-packaging.html","https://www.bestpackfactory.com/blog/flat-pack-vs-assembled-packaging.html","content-site/blog/flat-pack-vs-assembled-packaging.html","blog","public","Flat-Pack vs Pre-Assembled Packaging: Shipping Cost, Storage and Assembly Trade-offs | BestPackFactory","Flat-Pack vs Pre-Assembled Packaging: Shipping Cost, Storage and Assembly Trade-offs","1","How to decide between flat-packed and pre-assembled packaging — freight volume comparison, assembly costs, retail-ready considerations and when each is.","https://www.bestpackfactory.com/blog/flat-pack-vs-assembled-packaging.html","index, follow, max-image-preview:large, max-snippet:-1, max-video-preview:-1","0","Article|BreadcrumbList|ListItem|Organization|Person|WebPage","","15","yes"
"/blog/flexible-packaging-structures.html","https://www.bestpackfactory.com/blog/flexible-packaging-structures.html","content-site/blog/flexible-packaging-structures.html","blog","public","Flexible Packaging Laminates: Barrier Structures and Material Combinations | BestPackFactory","Flexible Packaging Laminates: Barrier Structures and Material Combinations","1","Technical guide to flexible packaging laminate structures — layer functions, oxygen and moisture barrier specs, and how to match structure to product.","https://www.bestpackfactory.com/blog/flexible-packaging-structures.html","index, follow, max-image-preview:large, max-snippet:-1, max-video-preview:-1","0","Article|BreadcrumbList|ListItem|Organization|Person|WebPage","","15","yes"
"/blog/flexible-packaging-vs-rigid-packaging-b2b-guide.html","https://www.bestpackfactory.com/blog/flexible-packaging-vs-rigid-packaging-b2b-guide.html","content-site/blog/flexible-packaging-vs-rigid-packaging-b2b-guide.html","blog","public","Flexible vs Rigid Packaging: B2B Guide","Flexible Packaging vs Rigid Packaging: B2B Cost & Performance Guide 2025","1","Compare flexible vs rigid packaging for B2B buyers. Cost analysis, barrier performance, MOQ, lead times and sustainability.","https://www.bestpackfactory.com/blog/flexible-packaging-vs-rigid-packaging-b2b-guide.html","index, follow, max-image-preview:large, max-snippet:-1, max-video-preview:-1","0","Article|BreadcrumbList|ImageObject|ListItem|Organization|Person","","22","yes"
"/blog/foil-stamping-packaging.html","https://www.bestpackfactory.com/blog/foil-stamping-packaging.html","content-site/blog/foil-stamping-packaging.html","blog","public","Hot Foil Stamping on Packaging: Gold, Silver and Holographic Options | BestPackFactory","Hot Foil Stamping on Packaging: Gold, Silver and Holographic Options","1","Complete guide to hot foil stamping on boxes and cartons — foil types, die costs, registration tolerances and design tips for premium packaging.","https://www.bestpackfactory.com/blog/foil-stamping-packaging.html","index, follow, max-image-preview:large, max-snippet:-1, max-video-preview:-1","0","Article|BreadcrumbList|ListItem|Organization|Person|WebPage","","15","yes"
"/blog/food-packaging-compliance-document-request-checklist.html","https://www.bestpackfactory.com/blog/food-packaging-compliance-document-request-checklist.html","content-site/blog/food-packaging-compliance-document-request-checklist.html","blog","public","Food Packaging Compliance Document Checklist","Food Packaging Compliance Documents: What Buyers Should Request","1","A practical checklist for requesting food-contact declarations, material identity, intended-use conditions, migration evidence and traceability documents.","https://www.bestpackfactory.com/blog/food-packaging-compliance-document-request-checklist.html","index, follow, max-image-preview:large, max-snippet:-1, max-video-preview:-1","0","Answer|Article|BreadcrumbList|FAQPage|ImageObject|ListItem|Organization|Person|Question|WebPage","","26","yes"
"/blog/food-packaging-material-safety-guide.html","https://www.bestpackfactory.com/blog/food-packaging-material-safety-guide.html","content-site/blog/food-packaging-material-safety-guide.html","blog","public","Food-Grade Packaging Material Safety: FDA, EU and China Standards | BestPackFactory","Food-Grade Packaging Material Safety: FDA, EU and China Standards","1","Which materials are food-safe, migration testing requirements, and how to verify food packaging compliance.","https://www.bestpackfactory.com/blog/food-packaging-material-safety-guide.html","index, follow, max-image-preview:large, max-snippet:-1, max-video-preview:-1","0","Article|BreadcrumbList|ListItem|Organization|Person|WebPage","","15","yes"
"/blog/food-packaging-regulations.html","https://www.bestpackfactory.com/blog/food-packaging-regulations.html","content-site/blog/food-packaging-regulations.html","blog","public","Food Packaging Regulations: FDA, EU and China GB Standards Guide | BestPackFactory","Food Packaging Regulations: FDA, EU and China GB Standards Guide","1","B2B guide to food packaging compliance — FDA food contact regulations, EU Regulation 10/2011, China GB 9685 and how to get compliant materials.","https://www.bestpackfactory.com/blog/food-packaging-regulations.html","index, follow, max-image-preview:large, max-snippet:-1, max-video-preview:-1","0","Article|BreadcrumbList|ListItem|Organization|Person|WebPage","","16","yes"
"/blog/food-safe-packaging-materials-buyer-guide.html","https://www.bestpackfactory.com/blog/food-safe-packaging-materials-buyer-guide.html","content-site/blog/food-safe-packaging-materials-buyer-guide.html","blog","public","Food-safe Packaging Material Guide | BestPackFactory","How to Choose Food-safe Packaging Materials","1","Procurement guide for food-safe packaging materials covering paperboard, coatings, films, grease resistance, samples, QC, compliance and RFQ.","https://www.bestpackfactory.com/blog/food-safe-packaging-materials-buyer-guide.html","","0","Article|BreadcrumbList|ImageObject|ListItem|Organization|Person|WebPage","","41","yes"
"/blog/fsc-packaging-labels-custom-boxes-guide.html","https://www.bestpackfactory.com/blog/fsc-packaging-labels-custom-boxes-guide.html","content-site/blog/fsc-packaging-labels-custom-boxes-guide.html","blog","public","FSC Packaging Labels for Custom Boxes | Buyer Guide","FSC Packaging Labels Explained: FSC 100%, FSC Mix and FSC Recycled","1","Understand FSC 100%, FSC Mix and FSC Recycled labels for custom boxes, then verify suppliers, claims, artwork, licence codes and approvals.","https://www.bestpackfactory.com/blog/fsc-packaging-labels-custom-boxes-guide.html","index, follow, max-image-preview:large, max-snippet:-1, max-video-preview:-1","0","Answer|BlogPosting|BreadcrumbList|FAQPage|ImageObject|ListItem|Organization|Person|Question|WebPage","","36","yes"
"/blog/geo-custom-packaging-ai-search-guide.html","https://www.bestpackfactory.com/blog/geo-custom-packaging-ai-search-guide.html","content-site/blog/geo-custom-packaging-ai-search-guide.html","blog","public","GEO Guide for Custom Packaging Buyers","GEO Quick Answer Guide for Custom Packaging Buyers","1","A GEO quick answer guide for custom packaging buyers. Learn what AI assistants should mention about packaging type, MOQ, dimensions, materials, finishes,.","https://www.bestpackfactory.com/blog/geo-custom-packaging-ai-search-guide.html","index, follow, max-image-preview:large, max-snippet:-1, max-video-preview:1","0","Answer|Article|BreadcrumbList|FAQPage|ImageObject|ListItem|Organization|Person|Question","","21","yes"
"/blog/how-to-choose-a-magnetic-gift-box.html","https://www.bestpackfactory.com/blog/how-to-choose-a-magnetic-gift-box.html","content-site/blog/how-to-choose-a-magnetic-gift-box.html","blog","public","How To Choose A Magnetic Gift Box | BestPackFactory","How To Choose A Magnetic Gift Box","1","A buyer guide to magnetic gift box structure, greyboard thickness, magnet size and tolerance, surface finishing and inserts, with acceptance evidence.","https://www.bestpackfactory.com/blog/how-to-choose-a-magnetic-gift-box.html","index, follow, max-image-preview:large, max-snippet:-1, max-video-preview:-1","0","Article|BreadcrumbList|ListItem|Organization|Person|WebPage","","33","yes"
"/blog/how-to-choose-china-packaging-supplier.html","https://www.bestpackfactory.com/blog/how-to-choose-china-packaging-supplier.html","content-site/blog/how-to-choose-china-packaging-supplier.html","blog","public","How to Choose a China Packaging Supplier","How to Choose a China Packaging Supplier for B2B Custom Projects","1","A sourcing guide for selecting a reliable China packaging supplier, including factory capability, samples, communication, certifications, QC and export.","https://www.bestpackfactory.com/blog/how-to-choose-china-packaging-supplier.html","","0","Article|BreadcrumbList|ImageObject|ListItem|Organization|Person|WebPage","","40","yes"
"/blog/how-to-find-custom-packaging-supplier-china.html","https://www.bestpackfactory.com/blog/how-to-find-custom-packaging-supplier-china.html","content-site/blog/how-to-find-custom-packaging-supplier-china.html","blog","public","Find a Custom Packaging Supplier in China","How to Find a Reliable Custom Packaging Supplier in China: B2B Guide 2025","1","Step-by-step guide to finding and vetting a reliable custom packaging supplier in China.","https://www.bestpackfactory.com/blog/how-to-find-custom-packaging-supplier-china.html","index, follow, max-image-preview:large, max-snippet:-1, max-video-preview:-1","0","Article|BreadcrumbList|ImageObject|ListItem|Organization|Person","","21","yes"
"/blog/how-to-import-packaging-from-china.html","https://www.bestpackfactory.com/blog/how-to-import-packaging-from-china.html","content-site/blog/how-to-import-packaging-from-china.html","blog","public","How to Import Custom Packaging from China: Step-by-Step for First-Time Buyers | BestPackFactory","How to Import Custom Packaging from China: Step-by-Step for First-Time Buyers","1","Complete guide to importing packaging from China for the first time — finding a factory, sampling, payment, freight forwarding, customs clearance and.","https://www.bestpackfactory.com/blog/how-to-import-packaging-from-china.html","index, follow, max-image-preview:large, max-snippet:-1, max-video-preview:-1","0","Article|BreadcrumbList|ListItem|Organization|Person|WebPage","","17","yes"
"/blog/how-to-reduce-packaging-weight.html","https://www.bestpackfactory.com/blog/how-to-reduce-packaging-weight.html","content-site/blog/how-to-reduce-packaging-weight.html","blog","public","How to Reduce Packaging Weight Without Sacrificing Protection | BestPackFactory","How to Reduce Packaging Weight Without Sacrificing Protection","1","Practical techniques for lightweighting packaging — thinner board grades, optimised flute profiles, structural redesign and material substitution to cut.","https://www.bestpackfactory.com/blog/how-to-reduce-packaging-weight.html","index, follow, max-image-preview:large, max-snippet:-1, max-video-preview:-1","0","Article|BreadcrumbList|ListItem|Organization|Person|WebPage","","15","yes"
"/blog/how-to-verify-china-factory-legitimacy.html","https://www.bestpackfactory.com/blog/how-to-verify-china-factory-legitimacy.html","content-site/blog/how-to-verify-china-factory-legitimacy.html","blog","public","How to Verify a China Packaging Factory Is Legitimate Before Ordering | BestPackFactory","How to Verify a China Packaging Factory Is Legitimate Before Ordering","1","Practical steps to verify a Chinese packaging factory — business licence checks, FSC certificate validation, factory video call, sample audit and red.","https://www.bestpackfactory.com/blog/how-to-verify-china-factory-legitimacy.html","index, follow, max-image-preview:large, max-snippet:-1, max-video-preview:-1","0","Article|BreadcrumbList|ListItem|Organization|Person|WebPage","","15","yes"
"/blog/how-to-write-packaging-copy.html","https://www.bestpackfactory.com/blog/how-to-write-packaging-copy.html","content-site/blog/how-to-write-packaging-copy.html","blog","public","How to Write Packaging Copy That Converts: Tips for Product Labels and Boxes | BestPackFactory","How to Write Packaging Copy That Converts: Tips for Product Labels and Boxes","1","Practical copywriting guide for product packaging — front panel hierarchy, benefit statements, claims compliance, call to action and readability at shelf.","https://www.bestpackfactory.com/blog/how-to-write-packaging-copy.html","index, follow, max-image-preview:large, max-snippet:-1, max-video-preview:-1","0","Article|BreadcrumbList|ListItem|Organization|Person|WebPage","","15","yes"
"/blog/jewelry-packaging-guide.html","https://www.bestpackfactory.com/blog/jewelry-packaging-guide.html","content-site/blog/jewelry-packaging-guide.html","blog","public","Jewelry Packaging: Ring Boxes, Pendant Boxes and Necklace Gift Packaging | BestPackFactory","Jewelry Packaging: Ring Boxes, Pendant Boxes and Necklace Gift Packaging","1","How to source custom jewelry packaging — ring boxes, pendant cases, necklace roll pouches, chain gift boxes and gift bag specifications.","https://www.bestpackfactory.com/blog/jewelry-packaging-guide.html","index, follow, max-image-preview:large, max-snippet:-1, max-video-preview:-1","0","Article|BreadcrumbList|ListItem|Organization|Person|WebPage","","16","yes"
"/blog/kraft-paper-packaging-guide.html","https://www.bestpackfactory.com/blog/kraft-paper-packaging-guide.html","content-site/blog/kraft-paper-packaging-guide.html","blog","public","Kraft Paper Packaging: Natural Brown and White Kraft Applications Guide | BestPackFactory","Kraft Paper Packaging: Natural Brown and White Kraft Applications Guide","1","Guide to natural kraft paper packaging — strength grades, print compatibility, applications for bags, boxes and mailers, and sustainable credentials.","https://www.bestpackfactory.com/blog/kraft-paper-packaging-guide.html","index, follow, max-image-preview:large, max-snippet:-1, max-video-preview:-1","0","Article|BreadcrumbList|ListItem|Organization|Person|WebPage","","16","yes"
"/blog/kraft-paper-pouch-vs-foil-pouch-coffee.html","https://www.bestpackfactory.com/blog/kraft-paper-pouch-vs-foil-pouch-coffee.html","content-site/blog/kraft-paper-pouch-vs-foil-pouch-coffee.html","blog","public","Kraft vs Foil Coffee Pouch Guide | BestPackFactory","Kraft Paper Pouch vs Foil Pouch for Coffee Brands","1","Buyer guide comparing kraft paper pouches and foil pouches for coffee brands: barrier, shelf life, cost, MOQ, samples, mistakes and RFQ details.","https://www.bestpackfactory.com/blog/kraft-paper-pouch-vs-foil-pouch-coffee.html","","0","Article|BreadcrumbList|ImageObject|ListItem|Organization|Person|WebPage","","40","yes"
"/blog/low-moq-seasonal-packaging-hybrid-plan.html","https://www.bestpackfactory.com/blog/low-moq-seasonal-packaging-hybrid-plan.html","content-site/blog/low-moq-seasonal-packaging-hybrid-plan.html","blog","public","Low-MOQ Seasonal Packaging Inventory Plan","Low-MOQ Seasonal Packaging: A Hybrid Plan That Avoids Dead Stock","1","A practical packaging system for seasonal launches: standard structures, variable labels, sleeves and inserts, with custom printing added after demand is.","https://www.bestpackfactory.com/blog/low-moq-seasonal-packaging-hybrid-plan.html","index, follow, max-image-preview:large, max-snippet:-1, max-video-preview:-1","0","Answer|Article|BreadcrumbList|FAQPage|ImageObject|ListItem|Organization|Person|Question|WebPage","","23","yes"
"/blog/luxury-candle-packaging.html","https://www.bestpackfactory.com/blog/luxury-candle-packaging.html","content-site/blog/luxury-candle-packaging.html","blog","public","Luxury Candle Packaging: Box Styles, Labels and Gift Wrap Guide | BestPackFactory","Luxury Candle Packaging: Box Styles, Labels and Gift Wrap Guide","1","How to source premium candle packaging — rigid boxes, kraft sleeves, tissue paper, labels and gift sets for candle brands at MOQ 500.","https://www.bestpackfactory.com/blog/luxury-candle-packaging.html","index, follow, max-image-preview:large, max-snippet:-1, max-video-preview:-1","0","Article|BreadcrumbList|ListItem|Organization|Person|WebPage","","15","yes"
"/blog/luxury-gift-box-packaging-guide.html","https://www.bestpackfactory.com/blog/luxury-gift-box-packaging-guide.html","content-site/blog/luxury-gift-box-packaging-guide.html","blog","public","Luxury Gift Box Packaging: Styles, Materials and Finishes Explained | BestPackFactory","Luxury Gift Box Packaging: Styles, Materials and Finishes Explained","1","Complete buyer guide to magnetic closure boxes, drawer boxes, ribbon-pull boxes and premium finishes for luxury packaging.","https://www.bestpackfactory.com/blog/luxury-gift-box-packaging-guide.html","index, follow, max-image-preview:large, max-snippet:-1, max-video-preview:-1","0","Article|BreadcrumbList|ListItem|Organization|Person|WebPage","","16","yes"
"/blog/magnetic-box-insert-options-premium-gifts.html","https://www.bestpackfactory.com/blog/magnetic-box-insert-options-premium-gifts.html","content-site/blog/magnetic-box-insert-options-premium-gifts.html","blog","public","Magnetic Box Insert Options | BestPackFactory","Magnetic Box Insert Options for Premium Gift Sets","1","Buyer guide to magnetic box inserts for premium gift sets: EVA foam, paperboard, molded pulp, satin, blister trays, cost, sampling, QC and RFQ.","https://www.bestpackfactory.com/blog/magnetic-box-insert-options-premium-gifts.html","","0","Article|BreadcrumbList|ImageObject|ListItem|Organization|Person|WebPage","","41","yes"
"/blog/magnetic-box-inserts-finishes-guide.html","https://www.bestpackfactory.com/blog/magnetic-box-inserts-finishes-guide.html","content-site/blog/magnetic-box-inserts-finishes-guide.html","blog","public","Magnetic Box Inserts & Finishes Guide","Magnetic Box Inserts and Finishes Guide for Premium Gift Packaging","1","A B2B guide to magnetic box inserts and finishes, including EVA foam, paperboard insert, molded pulp, satin lining, foil, embossing and soft-touch.","https://www.bestpackfactory.com/blog/magnetic-box-inserts-finishes-guide.html","","0","Article|BreadcrumbList|ImageObject|ListItem|Organization|Person|WebPage","","40","yes"
"/blog/magnetic-closure-gift-box-guide.html","https://www.bestpackfactory.com/blog/magnetic-closure-gift-box-guide.html","content-site/blog/magnetic-closure-gift-box-guide.html","blog","public","Magnetic Closure Gift Boxes: Specifications, Materials and MOQ Guide | BestPackFactory","Magnetic Closure Gift Boxes: Specifications, Materials and MOQ Guide","1","Board grades, magnet placement, lining options and customisation specs for magnetic closure rigid boxes.","https://www.bestpackfactory.com/blog/magnetic-closure-gift-box-guide.html","index, follow, max-image-preview:large, max-snippet:-1, max-video-preview:-1","0","Article|BreadcrumbList|ListItem|Organization|Person|WebPage","","15","yes"
"/blog/magnetic-gift-box-flat-pack-vs-assembled.html","https://www.bestpackfactory.com/blog/magnetic-gift-box-flat-pack-vs-assembled.html","content-site/blog/magnetic-gift-box-flat-pack-vs-assembled.html","blog","public","Magnetic Gift Boxes: Flat-Pack vs Assembled","Magnetic Gift Boxes: Flat-Pack vs Assembled for Global Shipping","1","Compare foldable magnetic boxes and assembled rigid boxes by freight volume, setup labor, corner quality, closure feel, storage and premium presentation.","https://www.bestpackfactory.com/blog/magnetic-gift-box-flat-pack-vs-assembled.html","index, follow, max-image-preview:large, max-snippet:-1, max-video-preview:-1","0","Answer|Article|BreadcrumbList|FAQPage|ImageObject|ListItem|Organization|Person|Question|WebPage","","22","yes"
"/blog/magnetic-rigid-box-packaging-procurement-guide.html","https://www.bestpackfactory.com/blog/magnetic-rigid-box-packaging-procurement-guide.html","content-site/blog/magnetic-rigid-box-packaging-procurement-guide.html","blog","public","Magnetic Rigid Box Procurement Guide","Magnetic Rigid Box Packaging Procurement Guide: Materials, Inserts and Finishes","1","A structured B2B guide for magnetic packaging, magnetic rigid box sourcing and collapsible magnetic gift box procurement.","https://www.bestpackfactory.com/blog/magnetic-rigid-box-packaging-procurement-guide.html","index, follow, max-image-preview:large, max-snippet:-1, max-video-preview:-1","0","Answer|Article|BreadcrumbList|FAQPage|ImageObject|ListItem|Organization|Person|Question|WebPage","","44","yes"
"/blog/mylar-bags-barrier-materials-rfq-checklist.html","https://www.bestpackfactory.com/blog/mylar-bags-barrier-materials-rfq-checklist.html","content-site/blog/mylar-bags-barrier-materials-rfq-checklist.html","blog","public","Mylar Bag Barrier Material RFQ Checklist","Mylar Bags Barrier Materials: The Ultimate RFQ Checklist","1","Technical guide for Mylar bags: barrier properties (OTR/WVTR), materials, and buyer RFQ checklist.","https://www.bestpackfactory.com/blog/mylar-bags-barrier-materials-rfq-checklist.html","","0","Article|BreadcrumbList|ImageObject|ListItem|Organization|Person|WebPage","","21","yes"
"/blog/packaging-artwork-checklist.html","https://www.bestpackfactory.com/blog/packaging-artwork-checklist.html","content-site/blog/packaging-artwork-checklist.html","blog","public","Packaging Artwork Checklist: 25 Points Before Sending to Print | BestPackFactory","Packaging Artwork Checklist: 25 Points Before Sending to Print","1","A comprehensive 25-point pre-flight checklist for packaging artwork — file format, bleed, colours, barcodes, regulatory text and approval process.","https://www.bestpackfactory.com/blog/packaging-artwork-checklist.html","index, follow, max-image-preview:large, max-snippet:-1, max-video-preview:-1","0","Article|BreadcrumbList|ListItem|Organization|Person|WebPage","","15","yes"
"/blog/packaging-barcode-requirements.html","https://www.bestpackfactory.com/blog/packaging-barcode-requirements.html","content-site/blog/packaging-barcode-requirements.html","blog","public","Packaging Barcode Requirements: GS1, UPC, EAN and QR Code Placement Guide | BestPackFactory","Packaging Barcode Requirements: GS1, UPC, EAN and QR Code Placement Guide","1","How to place barcodes correctly on retail packaging — UPC-A vs EAN-13, minimum size, quiet zone, placement rules and QR code best practices.","https://www.bestpackfactory.com/blog/packaging-barcode-requirements.html","index, follow, max-image-preview:large, max-snippet:-1, max-video-preview:-1","0","Article|BreadcrumbList|ListItem|Organization|Person|WebPage","","15","yes"
"/blog/packaging-certificate-fsc.html","https://www.bestpackfactory.com/blog/packaging-certificate-fsc.html","content-site/blog/packaging-certificate-fsc.html","blog","public","FSC Certification for Packaging: What It Means and How to Request It | BestPackFactory","FSC Certification for Packaging: What It Means and How to Request It","1","What FSC Chain of Custody certification means for packaging buyers — how to verify certificates, request FSC-labelled packaging and use the FSC trademark.","https://www.bestpackfactory.com/blog/packaging-certificate-fsc.html","index, follow, max-image-preview:large, max-snippet:-1, max-video-preview:-1","0","Article|BreadcrumbList|ListItem|Organization|Person|WebPage","","15","yes"
"/blog/packaging-color-management.html","https://www.bestpackfactory.com/blog/packaging-color-management.html","content-site/blog/packaging-color-management.html","blog","public","Packaging Color Management: Pantone, CMYK and Color Matching Guide | BestPackFactory","Packaging Color Management: Pantone, CMYK and Color Matching Guide","1","How to manage colour accuracy in packaging — Pantone matching, CMYK profiles, digital proofs vs press proofs and what to expect from China manufacturers.","https://www.bestpackfactory.com/blog/packaging-color-management.html","index, follow, max-image-preview:large, max-snippet:-1, max-video-preview:-1","0","Article|BreadcrumbList|ListItem|Organization|Person|WebPage","","15","yes"
"/blog/packaging-cost-reduction.html","https://www.bestpackfactory.com/blog/packaging-cost-reduction.html","content-site/blog/packaging-cost-reduction.html","blog","public","Packaging Cost Reduction: 12 Ways to Cut Per-Unit Costs Without Sacrificing Quality | BestPackFactory","Packaging Cost Reduction: 12 Ways to Cut Per-Unit Costs Without Sacrificing Quality","1","Practical strategies for reducing packaging costs — material selection, volume optimisation, specification rationalisation and supplier negotiation.","https://www.bestpackfactory.com/blog/packaging-cost-reduction.html","index, follow, max-image-preview:large, max-snippet:-1, max-video-preview:-1","0","Article|BreadcrumbList|ListItem|Organization|Person|WebPage","","16","yes"
"/blog/packaging-damage-root-cause-checklist-ecommerce.html","https://www.bestpackfactory.com/blog/packaging-damage-root-cause-checklist-ecommerce.html","content-site/blog/packaging-damage-root-cause-checklist-ecommerce.html","blog","public","Ecommerce Packaging Damage Checklist","Packaging Damage Root-Cause Checklist for Ecommerce Brands","1","Diagnose ecommerce shipping damage by separating product movement, corner crush, puncture, moisture, seal failure and export-carton problems.","https://www.bestpackfactory.com/blog/packaging-damage-root-cause-checklist-ecommerce.html","index, follow, max-image-preview:large, max-snippet:-1, max-video-preview:-1","0","Answer|Article|BreadcrumbList|FAQPage|ImageObject|ListItem|Organization|Person|Question|WebPage","","24","yes"
"/blog/packaging-design-brief-template.html","https://www.bestpackfactory.com/blog/packaging-design-brief-template.html","content-site/blog/packaging-design-brief-template.html","blog","public","Packaging Design Brief Template: What to Include When Briefing a Factory | BestPackFactory","Packaging Design Brief Template: What to Include When Briefing a Factory","1","A complete packaging design brief template for brands ordering from China — dimensions, quantities, finishes, regulatory requirements and artwork handoff.","https://www.bestpackfactory.com/blog/packaging-design-brief-template.html","index, follow, max-image-preview:large, max-snippet:-1, max-video-preview:-1","0","Article|BreadcrumbList|ListItem|Organization|Person|WebPage","","17","yes"
"/blog/packaging-design-mistakes.html","https://www.bestpackfactory.com/blog/packaging-design-mistakes.html","content-site/blog/packaging-design-mistakes.html","blog","public","10 Packaging Design Mistakes That Cost Buyers Time and Money | BestPackFactory","10 Packaging Design Mistakes That Cost Buyers Time and Money","1","The most common packaging design errors that cause failed samples, production delays and reprints — and how to avoid them before artwork approval.","https://www.bestpackfactory.com/blog/packaging-design-mistakes.html","index, follow, max-image-preview:large, max-snippet:-1, max-video-preview:-1","0","Article|BreadcrumbList|ListItem|Organization|Person|WebPage","","15","yes"
"/blog/packaging-factory-audit-guide.html","https://www.bestpackfactory.com/blog/packaging-factory-audit-guide.html","content-site/blog/packaging-factory-audit-guide.html","blog","public","How to Audit a Packaging Factory in China: Checklist and Red Flags | BestPackFactory","How to Audit a Packaging Factory in China: Checklist and Red Flags","1","A practical guide to auditing Chinese packaging factories — quality systems, production capability, compliance documents and red flags to watch for.","https://www.bestpackfactory.com/blog/packaging-factory-audit-guide.html","index, follow, max-image-preview:large, max-snippet:-1, max-video-preview:-1","0","Article|BreadcrumbList|ListItem|Organization|Person|WebPage","","15","yes"
"/blog/packaging-for-amazon-fba.html","https://www.bestpackfactory.com/blog/packaging-for-amazon-fba.html","content-site/blog/packaging-for-amazon-fba.html","blog","public","Packaging for Amazon FBA: FNSKU, Poly Bag and Prep Requirements | BestPackFactory","Packaging for Amazon FBA: FNSKU, Poly Bag and Prep Requirements","1","Complete guide to Amazon FBA packaging requirements — FNSKU label specs, poly bag rules, suffocation warnings, set packaging and prep compliance.","https://www.bestpackfactory.com/blog/packaging-for-amazon-fba.html","index, follow, max-image-preview:large, max-snippet:-1, max-video-preview:-1","0","Article|BreadcrumbList|ListItem|Organization|Person|WebPage","","15","yes"
"/blog/packaging-for-baby-products.html","https://www.bestpackfactory.com/blog/packaging-for-baby-products.html","content-site/blog/packaging-for-baby-products.html","blog","public","Packaging for Baby and Infant Products: Safety Standards and Material Requirements | BestPackFactory","Packaging for Baby and Infant Products: Safety Standards and Material Requirements","1","How to choose safe, compliant packaging for baby products — CPSC regulations, BPA-free materials, child-resistant packaging and testing requirements for.","https://www.bestpackfactory.com/blog/packaging-for-baby-products.html","index, follow, max-image-preview:large, max-snippet:-1, max-video-preview:-1","0","Article|BreadcrumbList|ListItem|Organization|Person|WebPage","","15","yes"
"/blog/packaging-for-cosmetics-oem.html","https://www.bestpackfactory.com/blog/packaging-for-cosmetics-oem.html","content-site/blog/packaging-for-cosmetics-oem.html","blog","public","OEM Cosmetic Packaging: How to Order Custom Boxes from a China Factory | BestPackFactory","OEM Cosmetic Packaging: How to Order Custom Boxes from a China Factory","1","Step-by-step guide to ordering OEM cosmetic packaging from China — brief, sample, approval, production, quality inspection and shipping.","https://www.bestpackfactory.com/blog/packaging-for-cosmetics-oem.html","index, follow, max-image-preview:large, max-snippet:-1, max-video-preview:-1","0","Article|BreadcrumbList|ListItem|Organization|Person|WebPage","","15","yes"
"/blog/packaging-for-ecommerce.html","https://www.bestpackfactory.com/blog/packaging-for-ecommerce.html","content-site/blog/packaging-for-ecommerce.html","blog","public","Packaging for E-Commerce: DTC Shipping, Returns and Brand Experience | BestPackFactory","Packaging for E-Commerce: DTC Shipping, Returns and Brand Experience","1","How to design packaging for direct-to-consumer e-commerce — shipping durability, return-friendly design, brand touchpoints and cost optimisation.","https://www.bestpackfactory.com/blog/packaging-for-ecommerce.html","index, follow, max-image-preview:large, max-snippet:-1, max-video-preview:-1","0","Article|BreadcrumbList|ListItem|Organization|Person|WebPage","","15","yes"
"/blog/packaging-for-electronics-esd.html","https://www.bestpackfactory.com/blog/packaging-for-electronics-esd.html","content-site/blog/packaging-for-electronics-esd.html","blog","public","Packaging for Electronics: ESD Protection, Drop Testing and Regulatory Markings | BestPackFactory","Packaging for Electronics: ESD Protection, Drop Testing and Regulatory Markings","1","How to specify anti-static packaging for electronics — ESD bags, cushioning materials, ISTA drop tests and WEEE directive markings for US and EU markets.","https://www.bestpackfactory.com/blog/packaging-for-electronics-esd.html","index, follow, max-image-preview:large, max-snippet:-1, max-video-preview:-1","0","Article|BreadcrumbList|ListItem|Organization|Person|WebPage","","15","yes"
"/blog/packaging-for-food-delivery.html","https://www.bestpackfactory.com/blog/packaging-for-food-delivery.html","content-site/blog/packaging-for-food-delivery.html","blog","public","Packaging for Food Delivery: Materials, Grease Resistance and Temperature Retention | BestPackFactory","Packaging for Food Delivery: Materials, Grease Resistance and Temperature Retention","1","How food delivery brands choose packaging — grease-resistant coatings, compostable options, heat retention, tamper-evident seals and FDA food contact.","https://www.bestpackfactory.com/blog/packaging-for-food-delivery.html","index, follow, max-image-preview:large, max-snippet:-1, max-video-preview:-1","0","Article|BreadcrumbList|ListItem|Organization|Person|WebPage","","15","yes"
"/blog/packaging-for-health-supplements.html","https://www.bestpackfactory.com/blog/packaging-for-health-supplements.html","content-site/blog/packaging-for-health-supplements.html","blog","public","Packaging for Health Supplements: Bottles, Pouches and Compliance Labels | BestPackFactory","Packaging for Health Supplements: Bottles, Pouches and Compliance Labels","1","How supplement brands choose between HDPE bottles, mylar pouches and folding cartons — with label compliance requirements for US, EU and Australian.","https://www.bestpackfactory.com/blog/packaging-for-health-supplements.html","index, follow, max-image-preview:large, max-snippet:-1, max-video-preview:-1","0","Article|BreadcrumbList|ListItem|Organization|Person|WebPage","","16","yes"
"/blog/packaging-for-perfume-fragrance.html","https://www.bestpackfactory.com/blog/packaging-for-perfume-fragrance.html","content-site/blog/packaging-for-perfume-fragrance.html","blog","public","Fragrance Packaging Design: Bottles, Boxes and Gift Sets for Perfume Brands | BestPackFactory","Fragrance Packaging Design: Bottles, Boxes and Gift Sets for Perfume Brands","1","How indie perfume brands design secondary packaging — rigid boxes, sleeves, gift sets and compliance requirements for fragrance under IFRA, EU and US.","https://www.bestpackfactory.com/blog/packaging-for-perfume-fragrance.html","index, follow, max-image-preview:large, max-snippet:-1, max-video-preview:-1","0","Article|BreadcrumbList|ListItem|Organization|Person|WebPage","","15","yes"
"/blog/packaging-for-pet-supplements.html","https://www.bestpackfactory.com/blog/packaging-for-pet-supplements.html","content-site/blog/packaging-for-pet-supplements.html","blog","public","Packaging for Pet Supplements and Treats: Compliance and Design Guide | BestPackFactory","Packaging for Pet Supplements and Treats: Compliance and Design Guide","1","How to design and manufacture compliant packaging for pet supplements and treats — AAFCO labelling, barrier pouches, child-resistant options and FDA.","https://www.bestpackfactory.com/blog/packaging-for-pet-supplements.html","index, follow, max-image-preview:large, max-snippet:-1, max-video-preview:-1","0","Article|BreadcrumbList|ListItem|Organization|Person|WebPage","","16","yes"
"/blog/packaging-for-retailers.html","https://www.bestpackfactory.com/blog/packaging-for-retailers.html","content-site/blog/packaging-for-retailers.html","blog","public","Packaging for Retail: Planogram Compliance, POS and Merchandising | BestPackFactory","Packaging for Retail: Planogram Compliance, POS and Merchandising","1","How to design packaging for retail distribution — planogram fit, peg hooks, price point placement, POS materials and retailer approval processes.","https://www.bestpackfactory.com/blog/packaging-for-retailers.html","index, follow, max-image-preview:large, max-snippet:-1, max-video-preview:-1","0","Article|BreadcrumbList|ListItem|Organization|Person|WebPage","","15","yes"
"/blog/packaging-for-startups.html","https://www.bestpackfactory.com/blog/packaging-for-startups.html","content-site/blog/packaging-for-startups.html","blog","public","Packaging for Startups and Small Brands: Low MOQ and Budget Strategy | BestPackFactory","Packaging for Startups and Small Brands: Low MOQ and Budget Strategy","1","Practical guide for startup founders on minimum order quantities, packaging budget planning, supplier selection and phased approach to packaging.","https://www.bestpackfactory.com/blog/packaging-for-startups.html","index, follow, max-image-preview:large, max-snippet:-1, max-video-preview:-1","0","Article|BreadcrumbList|ListItem|Organization|Person|WebPage","","17","yes"
"/blog/packaging-freight-options.html","https://www.bestpackfactory.com/blog/packaging-freight-options.html","content-site/blog/packaging-freight-options.html","blog","public","Packaging Freight from China: Air, Sea and Express Cost Comparison | BestPackFactory","Packaging Freight from China: Air, Sea and Express Cost Comparison","1","How to choose between air, sea freight and express courier for packaging from China — cost benchmarks, transit times and when to use each.","https://www.bestpackfactory.com/blog/packaging-freight-options.html","index, follow, max-image-preview:large, max-snippet:-1, max-video-preview:-1","0","Article|BreadcrumbList|ListItem|Organization|Person|WebPage","","15","yes"
"/blog/packaging-incoterms-guide-fob-exw-ddp.html","https://www.bestpackfactory.com/blog/packaging-incoterms-guide-fob-exw-ddp.html","content-site/blog/packaging-incoterms-guide-fob-exw-ddp.html","blog","public","Packaging Incoterms Guide: FOB, EXW, CIF and DDP Explained for Buyers | BestPackFactory","Packaging Incoterms Guide: FOB, EXW, CIF and DDP Explained for Buyers","1","What FOB, EXW, CIF and DDP mean when ordering custom packaging from China — who pays freight, who owns risk and which term is best for different.","https://www.bestpackfactory.com/blog/packaging-incoterms-guide-fob-exw-ddp.html","index, follow, max-image-preview:large, max-snippet:-1, max-video-preview:-1","0","Article|BreadcrumbList|ListItem|Organization|Person|WebPage","","15","yes"
"/blog/packaging-lead-times-china.html","https://www.bestpackfactory.com/blog/packaging-lead-times-china.html","content-site/blog/packaging-lead-times-china.html","blog","public","Packaging Lead Times from China: Timeline from Artwork to Delivery | BestPackFactory","Packaging Lead Times from China: Timeline from Artwork to Delivery","1","Realistic lead time breakdown for custom packaging from China — sample production, bulk manufacturing, sea freight and air freight timelines.","https://www.bestpackfactory.com/blog/packaging-lead-times-china.html","index, follow, max-image-preview:large, max-snippet:-1, max-video-preview:-1","0","Article|BreadcrumbList|ListItem|Organization|Person|WebPage","","17","yes"
"/blog/packaging-minimum-order-guide.html","https://www.bestpackfactory.com/blog/packaging-minimum-order-guide.html","content-site/blog/packaging-minimum-order-guide.html","blog","public","Understanding Packaging MOQ: Why 500 PCS and How to Negotiate | BestPackFactory","Understanding Packaging MOQ: Why 500 PCS and How to Negotiate","1","Why custom packaging factories set minimum order quantities, what drives MOQ, and how buyers can negotiate or work within MOQ constraints.","https://www.bestpackfactory.com/blog/packaging-minimum-order-guide.html","index, follow, max-image-preview:large, max-snippet:-1, max-video-preview:-1","0","Article|BreadcrumbList|ListItem|Organization|Person|WebPage","","16","yes"
"/blog/packaging-mold-tooling-costs.html","https://www.bestpackfactory.com/blog/packaging-mold-tooling-costs.html","content-site/blog/packaging-mold-tooling-costs.html","blog","public","Packaging Mold and Tooling Costs: Dies, Plates and One-Time Setup Fees | BestPackFactory","Packaging Mold and Tooling Costs: Dies, Plates and One-Time Setup Fees","1","What buyers pay for dies, printing plates, emboss tools and cylinder engraving — how to budget tooling costs and who owns the tooling.","https://www.bestpackfactory.com/blog/packaging-mold-tooling-costs.html","index, follow, max-image-preview:large, max-snippet:-1, max-video-preview:-1","0","Article|BreadcrumbList|ListItem|Organization|Person|WebPage","","16","yes"
"/blog/packaging-payment-terms-guide.html","https://www.bestpackfactory.com/blog/packaging-payment-terms-guide.html","content-site/blog/packaging-payment-terms-guide.html","blog","public","Packaging Payment Terms with Chinese Factories: T/T, LC and Trade Assurance | BestPackFactory","Packaging Payment Terms with Chinese Factories: T/T, LC and Trade Assurance","1","Standard payment terms for custom packaging from China — T/T bank transfer, Letter of Credit, Alibaba Trade Assurance, and how to protect your payment.","https://www.bestpackfactory.com/blog/packaging-payment-terms-guide.html","index, follow, max-image-preview:large, max-snippet:-1, max-video-preview:-1","0","Article|BreadcrumbList|ListItem|Organization|Person|WebPage","","15","yes"
"/blog/packaging-print-prepress-checklist.html","https://www.bestpackfactory.com/blog/packaging-print-prepress-checklist.html","content-site/blog/packaging-print-prepress-checklist.html","blog","public","Print Prepress Checklist: 15 Steps Before Sending Artwork to a Packaging Factory | BestPackFactory","Print Prepress Checklist: 15 Steps Before Sending Artwork to a Packaging Factory","1","Prevent costly reprints with this 15-step prepress checklist — resolution, bleed, colour mode, barcode, fonts and file format requirements for packaging.","https://www.bestpackfactory.com/blog/packaging-print-prepress-checklist.html","index, follow, max-image-preview:large, max-snippet:-1, max-video-preview:-1","0","Article|BreadcrumbList|ListItem|Organization|Person|WebPage","","16","yes"
"/blog/packaging-sample-checklist-before-mass-production.html","https://www.bestpackfactory.com/blog/packaging-sample-checklist-before-mass-production.html","content-site/blog/packaging-sample-checklist-before-mass-production.html","blog","public","Packaging Sample Approval Checklist","Packaging Sample Checklist: What to Approve Before Mass Production","1","A procurement checklist for approving custom packaging samples before bulk production, covering size, color, material, inserts, barcode, packing and.","https://www.bestpackfactory.com/blog/packaging-sample-checklist-before-mass-production.html","","0","Article|BreadcrumbList|ImageObject|ListItem|Organization|Person|WebPage","","40","yes"
"/blog/packaging-sample-color-tolerance-approval-guide.html","https://www.bestpackfactory.com/blog/packaging-sample-color-tolerance-approval-guide.html","content-site/blog/packaging-sample-color-tolerance-approval-guide.html","blog","public","Packaging Color Tolerance Approval Guide","Packaging Sample Color Approval: Avoiding Expensive Print Surprises","1","A practical guide to approving digital proofs, wet proofs, substrates, Pantone targets, finishes, lighting and production color tolerance.","https://www.bestpackfactory.com/blog/packaging-sample-color-tolerance-approval-guide.html","index, follow, max-image-preview:large, max-snippet:-1, max-video-preview:-1","0","Answer|Article|BreadcrumbList|FAQPage|ImageObject|ListItem|Organization|Person|Question|WebPage","","24","yes"
"/blog/packaging-sampling-process-guide.html","https://www.bestpackfactory.com/blog/packaging-sampling-process-guide.html","content-site/blog/packaging-sampling-process-guide.html","blog","public","Custom Packaging Sampling Process: Pre-Production Samples Explained | BestPackFactory","Custom Packaging Sampling Process: Pre-Production Samples Explained","1","How factory sampling works—digital mockup, physical sample and production sample approval stages.","https://www.bestpackfactory.com/blog/packaging-sampling-process-guide.html","index, follow, max-image-preview:large, max-snippet:-1, max-video-preview:-1","0","Article|BreadcrumbList|ListItem|Organization|Person|WebPage","","15","yes"
"/blog/packaging-shipping-cost-guide-china.html","https://www.bestpackfactory.com/blog/packaging-shipping-cost-guide-china.html","content-site/blog/packaging-shipping-cost-guide-china.html","blog","public","Packaging Shipping Cost from China","Packaging Shipping Cost Guide: Sea, Air and Express from China","1","A procurement guide to packaging shipping cost from China, covering carton size, volumetric weight, sea freight, air freight, express and landed cost.","https://www.bestpackfactory.com/blog/packaging-shipping-cost-guide-china.html","","0","Article|BreadcrumbList|ImageObject|ListItem|Organization|Person|WebPage","","40","yes"
"/blog/packaging-supplier-evaluation.html","https://www.bestpackfactory.com/blog/packaging-supplier-evaluation.html","content-site/blog/packaging-supplier-evaluation.html","blog","public","How to Evaluate and Select a Packaging Supplier: Scorecard and Criteria | BestPackFactory","How to Evaluate and Select a Packaging Supplier: Scorecard and Criteria","1","A structured framework for evaluating and selecting a custom packaging supplier — quality, capability, compliance, communication and commercial criteria.","https://www.bestpackfactory.com/blog/packaging-supplier-evaluation.html","index, follow, max-image-preview:large, max-snippet:-1, max-video-preview:-1","0","Article|BreadcrumbList|ListItem|Organization|Person|WebPage","","15","yes"
"/blog/packaging-testing-standards.html","https://www.bestpackfactory.com/blog/packaging-testing-standards.html","content-site/blog/packaging-testing-standards.html","blog","public","Packaging Testing Standards: Drop, Compression, Vibration and ISTA Guide | BestPackFactory","Packaging Testing Standards: Drop, Compression, Vibration and ISTA Guide","1","Overview of key packaging performance tests — ISTA protocols, ASTM methods, drop test, BCT and how to prepare packaging for test submission.","https://www.bestpackfactory.com/blog/packaging-testing-standards.html","index, follow, max-image-preview:large, max-snippet:-1, max-video-preview:-1","0","Article|BreadcrumbList|ListItem|Organization|Person|WebPage","","15","yes"
"/blog/packaging-trends-2026.html","https://www.bestpackfactory.com/blog/packaging-trends-2026.html","content-site/blog/packaging-trends-2026.html","blog","public","Packaging Trends 2026: Sustainability, Smart Packaging and Premium Materials | BestPackFactory","Packaging Trends 2026: Sustainability, Smart Packaging and Premium Materials","1","The top packaging trends shaping B2B purchasing decisions in 2026 — sustainable materials, QR codes, anti-counterfeiting and tactile finishes.","https://www.bestpackfactory.com/blog/packaging-trends-2026.html","index, follow, max-image-preview:large, max-snippet:-1, max-video-preview:-1","0","Article|BreadcrumbList|ListItem|Organization|Person|WebPage","","16","yes"
"/blog/packaging-trends-sustainable-2026.html","https://www.bestpackfactory.com/blog/packaging-trends-sustainable-2026.html","content-site/blog/packaging-trends-sustainable-2026.html","blog","public","Sustainable Packaging Trends in 2026: What Brands Are Actually Adopting | BestPackFactory","Sustainable Packaging Trends in 2026: What Brands Are Actually Adopting","1","The real sustainable packaging trends in 2026 — mono-material structures, paper-based barriers, recycled content mandates and what is working vs hype.","https://www.bestpackfactory.com/blog/packaging-trends-sustainable-2026.html","index, follow, max-image-preview:large, max-snippet:-1, max-video-preview:-1","0","Article|BreadcrumbList|ListItem|Organization|Person|WebPage","","16","yes"
"/blog/packaging-unboxing-experience.html","https://www.bestpackfactory.com/blog/packaging-unboxing-experience.html","content-site/blog/packaging-unboxing-experience.html","blog","public","The Unboxing Experience: How Packaging Design Drives Social Media Shares | BestPackFactory","The Unboxing Experience: How Packaging Design Drives Social Media Shares","1","How DTC and e-commerce brands use custom packaging to create shareable unboxing moments — tissue paper, inserts, message cards and structural design.","https://www.bestpackfactory.com/blog/packaging-unboxing-experience.html","index, follow, max-image-preview:large, max-snippet:-1, max-video-preview:-1","0","Article|BreadcrumbList|ListItem|Organization|Person|WebPage","","15","yes"
"/blog/paper-gift-bag-and-foam-insert-luxury-packaging-guide.html","https://www.bestpackfactory.com/blog/paper-gift-bag-and-foam-insert-luxury-packaging-guide.html","content-site/blog/paper-gift-bag-and-foam-insert-luxury-packaging-guide.html","blog","public","Paper Gift Bags & Foam Inserts: Buyer Guide","Paper Gift Bag and Foam Insert Guide for Premium Retail Packaging","1","A practical guide for paper gift bag, foam insert and luxury retail packaging projects that combine strategy, design, production and logistics.","https://www.bestpackfactory.com/blog/paper-gift-bag-and-foam-insert-luxury-packaging-guide.html","index, follow, max-image-preview:large, max-snippet:-1, max-video-preview:-1","0","Answer|Article|BreadcrumbList|FAQPage|ImageObject|ListItem|Organization|Person|Question|WebPage","","44","yes"
"/blog/paper-tube-packaging-guide.html","https://www.bestpackfactory.com/blog/paper-tube-packaging-guide.html","content-site/blog/paper-tube-packaging-guide.html","blog","public","Paper Tube Packaging: Sizes, Constructions and Custom Printing | BestPackFactory","Paper Tube Packaging: Sizes, Constructions and Custom Printing","1","Everything you need to know about custom paper tubes — diameter options, wall thickness, end caps, printing methods and typical uses for cosmetics and.","https://www.bestpackfactory.com/blog/paper-tube-packaging-guide.html","index, follow, max-image-preview:large, max-snippet:-1, max-video-preview:-1","0","Article|BreadcrumbList|ListItem|Organization|Person|WebPage","","15","yes"
"/blog/perfume-packaging-design.html","https://www.bestpackfactory.com/blog/perfume-packaging-design.html","content-site/blog/perfume-packaging-design.html","blog","public","Perfume and Fragrance Packaging: Box Design, Inserts and Finishing | BestPackFactory","Perfume and Fragrance Packaging: Box Design, Inserts and Finishing","1","How to source premium perfume packaging — rigid boxes, foam inserts, paper wraps, foil stamping and the technical specs buyers need.","https://www.bestpackfactory.com/blog/perfume-packaging-design.html","index, follow, max-image-preview:large, max-snippet:-1, max-video-preview:-1","0","Article|BreadcrumbList|ListItem|Organization|Person|WebPage","","15","yes"
"/blog/pet-food-bag-barrier-material-guide.html","https://www.bestpackfactory.com/blog/pet-food-bag-barrier-material-guide.html","content-site/blog/pet-food-bag-barrier-material-guide.html","blog","public","Pet Food Bag Barrier Guide | BestPackFactory","Pet Food Bag Barrier Material Guide","1","B2B guide to pet food bag barrier materials for kibble, treats and supplements: laminate structure, oil resistance, zipper, MOQ, QC and RFQ.","https://www.bestpackfactory.com/blog/pet-food-bag-barrier-material-guide.html","","0","Article|BreadcrumbList|ImageObject|ListItem|Organization|Person|WebPage","","42","yes"
"/blog/pet-food-packaging-buyer-guide.html","https://www.bestpackfactory.com/blog/pet-food-packaging-buyer-guide.html","content-site/blog/pet-food-packaging-buyer-guide.html","blog","public","Pet Food Packaging Buyer Guide | BestPackFactory","Pet Food Packaging Buyer Guide","1","A B2B specification guide to heavy-duty pet food bags: laminate thickness, flat bottom construction, zipper strength, puncture resistance and drop testing.","https://www.bestpackfactory.com/blog/pet-food-packaging-buyer-guide.html","index, follow, max-image-preview:large, max-snippet:-1, max-video-preview:-1","0","Article|BreadcrumbList|ListItem|Organization|Person|WebPage","","33","yes"
"/blog/pet-food-packaging-requirements.html","https://www.bestpackfactory.com/blog/pet-food-packaging-requirements.html","content-site/blog/pet-food-packaging-requirements.html","blog","public","Pet Food Packaging Requirements: Materials, Seals and Regulatory Guide | BestPackFactory","Pet Food Packaging Requirements: Materials, Seals and Regulatory Guide","1","B2B guide to pet food bag materials, FDA/AAFCO labelling, barrier requirements and MOQ for custom pet food packaging.","https://www.bestpackfactory.com/blog/pet-food-packaging-requirements.html","index, follow, max-image-preview:large, max-snippet:-1, max-video-preview:-1","0","Article|BreadcrumbList|ListItem|Organization|Person|WebPage","","18","yes"
"/blog/pet-food-packaging-trends-2025-b2b-guide.html","https://www.bestpackfactory.com/blog/pet-food-packaging-trends-2025-b2b-guide.html","content-site/blog/pet-food-packaging-trends-2025-b2b-guide.html","blog","public","Pet Food Packaging Trends 2025: B2B Guide","Pet Food Packaging Trends 2025: B2B Guide to Custom Bags & Pouches","1","Top pet food packaging trends for 2025. Sustainable materials, resealable pouches, large-format bags, premium printing.","https://www.bestpackfactory.com/blog/pet-food-packaging-trends-2025-b2b-guide.html","index, follow, max-image-preview:large, max-snippet:-1, max-video-preview:-1","0","Article|BreadcrumbList|ImageObject|ListItem|Organization|Person","","22","yes"
"/blog/pharma-folding-carton-gs1-datamatrix-checklist.html","https://www.bestpackfactory.com/blog/pharma-folding-carton-gs1-datamatrix-checklist.html","content-site/blog/pharma-folding-carton-gs1-datamatrix-checklist.html","blog","public","Pharma Carton GS1 DataMatrix Checklist | BestPackFactory","Pharma Folding Carton GS1 DataMatrix Checklist","1","Procurement checklist for pharma folding cartons with GS1 DataMatrix: artwork, barcode grade, serialization area, carton material, QC and RFQ.","https://www.bestpackfactory.com/blog/pharma-folding-carton-gs1-datamatrix-checklist.html","","0","Article|BreadcrumbList|ImageObject|ListItem|Organization|Person|WebPage","","41","yes"
"/blog/pharmaceutical-packaging-guide.html","https://www.bestpackfactory.com/blog/pharmaceutical-packaging-guide.html","content-site/blog/pharmaceutical-packaging-guide.html","blog","public","Pharmaceutical Packaging: GS1 DataMatrix, Serialisation and Tamper-Evident Guide | BestPackFactory","Pharmaceutical Packaging: GS1 DataMatrix, Serialisation and Tamper-Evident Guide","1","B2B guide to GS1 DataMatrix codes, serialisation requirements, tamper-evident cartons and EU FMD compliance for pharmaceutical packaging.","https://www.bestpackfactory.com/blog/pharmaceutical-packaging-guide.html","index, follow, max-image-preview:large, max-snippet:-1, max-video-preview:-1","0","Article|BreadcrumbList|ListItem|Organization|Person|WebPage","","15","yes"
"/blog/prepare-artwork-dielines-packaging-production-china.html","https://www.bestpackfactory.com/blog/prepare-artwork-dielines-packaging-production-china.html","content-site/blog/prepare-artwork-dielines-packaging-production-china.html","blog","public","Packaging Artwork & Dieline Guide","How to Prepare Artwork & Dielines for Custom Packaging Production","1","Step-by-step guide for B2B buyers preparing dielines and artwork files for custom packaging production in China.","https://www.bestpackfactory.com/blog/prepare-artwork-dielines-packaging-production-china.html","","0","Article|BreadcrumbList|ImageObject|ListItem|Organization|Person|WebPage","","19","yes"
"/blog/printing-pantone-colors-on-packaging.html","https://www.bestpackfactory.com/blog/printing-pantone-colors-on-packaging.html","content-site/blog/printing-pantone-colors-on-packaging.html","blog","public","Printing Pantone Colours on Packaging: Spot vs CMYK Process and Colour Management | BestPackFactory","Printing Pantone Colours on Packaging: Spot vs CMYK Process and Colour Management","1","How Pantone spot colours are matched on packaging — when to use spot ink vs CMYK process, how to specify colours, and common colour failure modes.","https://www.bestpackfactory.com/blog/printing-pantone-colors-on-packaging.html","index, follow, max-image-preview:large, max-snippet:-1, max-video-preview:-1","0","Article|BreadcrumbList|ListItem|Organization|Person|WebPage","","15","yes"
"/blog/rigid-box-vs-folding-carton-procurement-guide.html","https://www.bestpackfactory.com/blog/rigid-box-vs-folding-carton-procurement-guide.html","content-site/blog/rigid-box-vs-folding-carton-procurement-guide.html","blog","public","Rigid Box vs Folding Carton: Buyer Guide","Rigid Box vs Folding Carton: Cost, Strength and Best Use Cases","1","A B2B comparison of rigid boxes and folding cartons for packaging buyers, covering cost, protection, shelf impact, shipping volume and procurement.","https://www.bestpackfactory.com/blog/rigid-box-vs-folding-carton-procurement-guide.html","","0","Article|BreadcrumbList|ImageObject|ListItem|Organization|Person|WebPage","","40","yes"
"/blog/rigid-box-vs-folding-carton.html","https://www.bestpackfactory.com/blog/rigid-box-vs-folding-carton.html","content-site/blog/rigid-box-vs-folding-carton.html","blog","public","Rigid Box vs Folding Carton: Which Packaging Is Right for Your Product? | BestPackFactory","Rigid Box vs Folding Carton: Which Packaging Is Right for Your Product?","1","Side-by-side comparison of rigid set-up boxes and folding cartons — cost, lead time, product types, and how to choose for your brand.","https://www.bestpackfactory.com/blog/rigid-box-vs-folding-carton.html","index, follow, max-image-preview:large, max-snippet:-1, max-video-preview:-1","0","Article|BreadcrumbList|ListItem|Organization|Person|WebPage","","15","yes"
"/blog/rigid-boxes-vs-folding-cartons-vs-mailer-boxes.html","https://www.bestpackfactory.com/blog/rigid-boxes-vs-folding-cartons-vs-mailer-boxes.html","content-site/blog/rigid-boxes-vs-folding-cartons-vs-mailer-boxes.html","blog","public","Rigid vs Folding vs Mailer Boxes: Buyer Guide","Rigid Boxes vs Folding Cartons vs Mailer Boxes: Which One to Choose?","1","Comparison of custom rigid boxes, folding cartons, and corrugated mailer boxes for B2B procurement.","https://www.bestpackfactory.com/blog/rigid-boxes-vs-folding-cartons-vs-mailer-boxes.html","","0","Article|BreadcrumbList|ImageObject|ListItem|Organization|Person|WebPage","","21","yes"
"/blog/roll-label-winding-direction-application-checklist.html","https://www.bestpackfactory.com/blog/roll-label-winding-direction-application-checklist.html","content-site/blog/roll-label-winding-direction-application-checklist.html","blog","public","Roll Label Winding Direction Checklist","Roll Label Winding Direction: The Checklist Before Automatic Application","1","Prevent roll-label application failures by confirming unwind direction, core size, roll diameter, label gap, copy position, sensor mark and liner.","https://www.bestpackfactory.com/blog/roll-label-winding-direction-application-checklist.html","index, follow, max-image-preview:large, max-snippet:-1, max-video-preview:-1","0","Answer|Article|BreadcrumbList|FAQPage|ImageObject|ListItem|Organization|Person|Question|WebPage","","23","yes"
"/blog/shipping-custom-packaging-china-ddp-fob-air-freight.html","https://www.bestpackfactory.com/blog/shipping-custom-packaging-china-ddp-fob-air-freight.html","content-site/blog/shipping-custom-packaging-china-ddp-fob-air-freight.html","blog","public","DDP vs FOB vs Air Freight Packaging | BestPackFactory","Shipping Custom Packaging from China: DDP vs FOB vs Air Freight","1","Buyer guide to shipping custom packaging from China by DDP, FOB, air freight, express or sea: cost, lead time, carton data, mistakes and RFQ.","https://www.bestpackfactory.com/blog/shipping-custom-packaging-china-ddp-fob-air-freight.html","","0","Article|BreadcrumbList|ImageObject|ListItem|Organization|Person|WebPage","","41","yes"
"/blog/skincare-cosmetic-box-insert-fit-guide.html","https://www.bestpackfactory.com/blog/skincare-cosmetic-box-insert-fit-guide.html","content-site/blog/skincare-cosmetic-box-insert-fit-guide.html","blog","public","Skincare Box Insert Fit Guide","Skincare Packaging Box Inserts: How to Prevent Loose Bottles and Scuffed Cartons","1","Choose and validate paperboard, molded pulp, foam or thermoformed inserts for skincare bottles, jars, droppers and product kits.","https://www.bestpackfactory.com/blog/skincare-cosmetic-box-insert-fit-guide.html","index, follow, max-image-preview:large, max-snippet:-1, max-video-preview:-1","0","Answer|Article|BreadcrumbList|FAQPage|ImageObject|ListItem|Organization|Person|Question|WebPage","","22","yes"
"/blog/sliding-drawer-box-packaging-guide.html","https://www.bestpackfactory.com/blog/sliding-drawer-box-packaging-guide.html","content-site/blog/sliding-drawer-box-packaging-guide.html","blog","public","Sliding Drawer Box Packaging Guide","Sliding Drawer Box Packaging Guide for Perfume, Jewelry and Gift Sets","1","A procurement guide for sliding drawer box packaging covering structure, sleeves, pull tabs, inserts, material choice and logistics.","https://www.bestpackfactory.com/blog/sliding-drawer-box-packaging-guide.html","index, follow, max-image-preview:large, max-snippet:-1, max-video-preview:-1","0","Answer|Article|BreadcrumbList|FAQPage|ImageObject|ListItem|Organization|Person|Question|WebPage","","44","yes"
"/blog/soft-touch-lamination-guide.html","https://www.bestpackfactory.com/blog/soft-touch-lamination-guide.html","content-site/blog/soft-touch-lamination-guide.html","blog","public","Soft Touch Lamination on Packaging: How It Works and When to Use It | BestPackFactory","Soft Touch Lamination on Packaging: How It Works and When to Use It","1","Guide to soft touch (velvet) lamination for packaging — how it is applied, substrates, cost implications and design pairings for premium packaging.","https://www.bestpackfactory.com/blog/soft-touch-lamination-guide.html","index, follow, max-image-preview:large, max-snippet:-1, max-video-preview:-1","0","Article|BreadcrumbList|ListItem|Organization|Person|WebPage","","16","yes"
"/blog/spot-uv-printing-guide.html","https://www.bestpackfactory.com/blog/spot-uv-printing-guide.html","content-site/blog/spot-uv-printing-guide.html","blog","public","Spot UV Varnish on Packaging: Applications, Registration and Design Tips | BestPackFactory","Spot UV Varnish on Packaging: Applications, Registration and Design Tips","1","Technical guide to spot UV varnish on folding cartons and rigid boxes — flood UV vs spot UV, die tolerances, and how to specify it in artwork.","https://www.bestpackfactory.com/blog/spot-uv-printing-guide.html","index, follow, max-image-preview:large, max-snippet:-1, max-video-preview:-1","0","Article|BreadcrumbList|ListItem|Organization|Person|WebPage","","15","yes"
"/blog/stand-up-pouch-barrier-materials.html","https://www.bestpackfactory.com/blog/stand-up-pouch-barrier-materials.html","content-site/blog/stand-up-pouch-barrier-materials.html","blog","public","Stand-Up Pouch Barrier Materials: OTR, WVTR and Structure Guide | BestPackFactory","Stand-Up Pouch Barrier Materials: OTR, WVTR and Structure Guide","1","How to choose PET/AL/PE, MOPP/VMPET/PE and kraft structures for stand-up pouches based on product shelf-life requirements.","https://www.bestpackfactory.com/blog/stand-up-pouch-barrier-materials.html","index, follow, max-image-preview:large, max-snippet:-1, max-video-preview:-1","0","Article|BreadcrumbList|ListItem|Organization|Person|WebPage","","17","yes"
"/blog/subscription-box-packaging.html","https://www.bestpackfactory.com/blog/subscription-box-packaging.html","content-site/blog/subscription-box-packaging.html","blog","public","Subscription Box Packaging Design: Unboxing, Retention and Brand Loyalty | BestPackFactory","Subscription Box Packaging Design: Unboxing, Retention and Brand Loyalty","1","How subscription box brands use packaging to reduce churn, build loyalty and create shareable moments — design, materials and component guide.","https://www.bestpackfactory.com/blog/subscription-box-packaging.html","index, follow, max-image-preview:large, max-snippet:-1, max-video-preview:-1","0","Article|BreadcrumbList|ListItem|Organization|Person|WebPage","","15","yes"
"/blog/sustainable-packaging-certifications-explained.html","https://www.bestpackfactory.com/blog/sustainable-packaging-certifications-explained.html","content-site/blog/sustainable-packaging-certifications-explained.html","blog","public","Sustainable Packaging Certifications Explained: FSC, PEFC, SFI and Compostable Labels | BestPackFactory","Sustainable Packaging Certifications Explained: FSC, PEFC, SFI and Compostable Labels","1","What FSC, PEFC, SFI, OK Compost, and BPI certifications mean for your packaging — how to verify them and what to put on your label.","https://www.bestpackfactory.com/blog/sustainable-packaging-certifications-explained.html","index, follow, max-image-preview:large, max-snippet:-1, max-video-preview:-1","0","Article|BreadcrumbList|ListItem|Organization|Person|WebPage","","16","yes"
"/blog/tea-coffee-packaging-trends.html","https://www.bestpackfactory.com/blog/tea-coffee-packaging-trends.html","content-site/blog/tea-coffee-packaging-trends.html","blog","public","Tea and Coffee Packaging Trends: Resealable, Sustainable and Premium Styles | BestPackFactory","Tea and Coffee Packaging Trends: Resealable, Sustainable and Premium Styles","1","Current packaging trends in the tea and coffee segment — premium materials, resealable formats, sustainability credentials and specialty retail packaging.","https://www.bestpackfactory.com/blog/tea-coffee-packaging-trends.html","index, follow, max-image-preview:large, max-snippet:-1, max-video-preview:-1","0","Article|BreadcrumbList|ListItem|Organization|Person|WebPage","","17","yes"
"/blog/variable-data-pharma-packaging.html","https://www.bestpackfactory.com/blog/variable-data-pharma-packaging.html","content-site/blog/variable-data-pharma-packaging.html","blog","public","Variable Data Pharma Packaging | BestPackFactory","Variable Data Pharma Packaging","1","GS1 DataMatrix and ECC200 coding for pharma cartons, with ISO/IEC 15415 grade targets, camera inspection requirements and anti-abrasion measures.","https://www.bestpackfactory.com/blog/variable-data-pharma-packaging.html","index, follow, max-image-preview:large, max-snippet:-1, max-video-preview:-1","0","Article|BreadcrumbList|ListItem|Organization|Person|WebPage","","33","yes"
"/blog/wine-spirits-packaging-guide.html","https://www.bestpackfactory.com/blog/wine-spirits-packaging-guide.html","content-site/blog/wine-spirits-packaging-guide.html","blog","public","Wine & Spirits Packaging: Paper Box, Wooden Crate and Custom Insert Options | BestPackFactory","Wine & Spirits Packaging: Paper Box, Wooden Crate and Custom Insert Options","1","How to choose the right packaging for wine, spirits and gift sets — paper boxes, wooden crates, foam inserts, and compliance markings explained.","https://www.bestpackfactory.com/blog/wine-spirits-packaging-guide.html","index, follow, max-image-preview:large, max-snippet:-1, max-video-preview:-1","0","Article|BreadcrumbList|ListItem|Organization|Person|WebPage","","15","yes"
"/case-studies.html","https://www.bestpackfactory.com/case-studies.html","content-site/case-studies.html","case_study_hub","public","Packaging Project Walkthroughs | BestPackFactory","Packaging Project Walkthroughs","1","How three common packaging projects are specified end to end: rigid gift boxes, flat-bottom pet food bags and grease-resistant food cartons, with the.","https://www.bestpackfactory.com/case-studies.html","index, follow","2","Answer|Article|BreadcrumbList|FAQPage|ListItem|Organization|Question|WebSite","","25","yes"
"/contact.html","https://www.bestpackfactory.com/contact.html","content-site/contact.html","contact_rfq","public","Contact BestPackFactory | Get a Free Custom Packaging Quote","Get a Custom Packaging Quote","1","Contact BestPackFactory for a free quote on custom packaging. MOQ 500 PCS. WhatsApp, email or RFQ form. Fast response within 24 hours.","https://www.bestpackfactory.com/contact.html","index, follow, max-image-preview:large, max-snippet:-1, max-video-preview:-1","0","BreadcrumbList|ContactPage|ContactPoint|ListItem|Manufacturer|Organization|PostalAddress","","33","yes"
"/custom-packaging-manufacturer.html","https://www.bestpackfactory.com/custom-packaging-manufacturer.html","content-site/custom-packaging-manufacturer.html","other","public","Custom Packaging Manufacturer | MOQ 500 PCS","Custom Packaging Manufacturer For B2B Buyers","1","Factory-direct custom packaging manufacturer for boxes, bags, labels, pouches, bottles and tins. MOQ 500 PCS with OEM printing.","https://www.bestpackfactory.com/custom-packaging-manufacturer.html","","0","Answer|BreadcrumbList|FAQPage|ListItem|Offer|Organization|PriceSpecification|Question|Service|Thing|WebPage|WebSite","","36","yes"
"/custom-packaging-moq-500.html","https://www.bestpackfactory.com/custom-packaging-moq-500.html","content-site/custom-packaging-moq-500.html","other","public","Custom Packaging MOQ 500 PCS | Factory Direct","Custom Packaging MOQ 500 PCS","1","Custom packaging MOQ 500 PCS for B2B buyers needing factory quotes, dieline support, sample approval and export shipping.","https://www.bestpackfactory.com/custom-packaging-moq-500.html","","0","Answer|BreadcrumbList|FAQPage|ListItem|Offer|Organization|PriceSpecification|Question|Service|Thing|WebPage|WebSite","","33","yes"
"/custom-packaging-rfq-template.html","https://www.bestpackfactory.com/custom-packaging-rfq-template.html","content-site/custom-packaging-rfq-template.html","buyer_rfq_hub","public","Custom Packaging RFQ Template | Factory Quote","Custom Packaging RFQ Template","1","Use this custom packaging RFQ template to send size, material, quantity, artwork, finish and destination details for a faster quote.","https://www.bestpackfactory.com/custom-packaging-rfq-template.html","","0","Answer|BreadcrumbList|FAQPage|ListItem|Offer|Organization|PriceSpecification|Question|Service|Thing|WebPage|WebSite","","32","yes"
"/de","https://www.bestpackfactory.com/de","content-site/de/index.html","locale_mirror","public","Verpackungshersteller nach Maß | MOQ 500 | BestPackFactory","Verpackungslösungen nach Maß für globale Marken","1","Magnetboxen, Stülpdeckelschachteln, Papiertüten, Standbodenbeutel und Lebensmittelverpackungen ab Werk aus Shenzhen. MOQ 500 Stück.","https://www.bestpackfactory.com/de","index, follow, max-image-preview:large, max-snippet:-1, max-video-preview:-1","7","Answer|BreadcrumbList|ContactPoint|FAQPage|ListItem|Organization|PostalAddress|Question|WebSite","","54","yes"
"/de/contact.html","https://www.bestpackfactory.com/de/contact.html","content-site/de/contact.html","locale_mirror","public","Kontakt BestPackFactory | Kostenloses Verpackungsangebot","Verpackungsangebot nach Maß erhalten","1","Kontaktieren Sie BestPackFactory für ein kostenloses Angebot für Verpackungen nach Maß. MOQ 500 Stück. WhatsApp, E-Mail oder RFQ-Formular.","https://www.bestpackfactory.com/de/contact.html","","0","BreadcrumbList|ContactPage|ContactPoint|ListItem|Manufacturer|Organization|PostalAddress","","32","yes"
"/de/products.html","https://www.bestpackfactory.com/de/products.html","content-site/de/products.html","locale_mirror","public","Verpackungsprodukte nach Maß | MOQ 500 | BestPackFactory","B2B-Verpackungsprodukte nach Maß","1","Über 70 Verpackungsprodukte nach Maß für den B2B-Einkauf vergleichen: Kartons, Beutel, Kaffeebeutel, Tierfutterbeutel, Etiketten und Flaschen.","https://www.bestpackfactory.com/de/products.html","","0","BreadcrumbList|CollectionPage|ItemList|ListItem","","130","yes"
"/de/products/coffee-bags.html","https://www.bestpackfactory.com/de/products/coffee-bags.html","content-site/de/products/coffee-bags.html","locale_mirror","public","Kaffeebeutel | MOQ 500 | BestPackFactory","Kaffeebeutel","1","Kaffeebeutel ab MOQ 500 Stück mit individueller Größe, Material, Druck und Veredelung. Mit Muster, Qualitätskontrolle und weltweitem B2B-Versand.","https://www.bestpackfactory.com/de/products/coffee-bags.html","","0","Answer|Brand|BreadcrumbList|FAQPage|ListItem|Offer|Organization|Product|PropertyValue|Question","","34","yes"
"/de/products/custom-boxes.html","https://www.bestpackfactory.com/de/products/custom-boxes.html","content-site/de/products/custom-boxes.html","locale_mirror","public","Kartons nach Maß | MOQ 500 | BestPackFactory","Kartons nach Maß","1","Kartons nach Maß ab MOQ 500 Stück mit individueller Größe, Material, Druck und Veredelung. Mit Muster, Qualitätskontrolle und weltweitem B2B-Versand.","https://www.bestpackfactory.com/de/products/custom-boxes.html","","0","Answer|Brand|BreadcrumbList|FAQPage|ListItem|Offer|Organization|Product|PropertyValue|Question","","34","yes"
"/de/products/custom-compostable-stand-up-pouches.html","https://www.bestpackfactory.com/de/products/custom-compostable-stand-up-pouches.html","content-site/de/products/custom-compostable-stand-up-pouches.html","locale_mirror","public","Kompostierbare Standbodenbeutel | MOQ 500 | BestPackFactory","Kompostierbare Standbodenbeutel","1","Kompostierbare Standbodenbeutel ab MOQ 500 Stück mit individueller Größe, Material, Druck und Veredelung.","https://www.bestpackfactory.com/de/products/custom-compostable-stand-up-pouches.html","","0","Answer|Brand|BreadcrumbList|FAQPage|ListItem|Offer|Organization|PriceSpecification|Product|PropertyValue|Question","","34","yes"
"/de/products/custom-cosmetic-packaging-boxes.html","https://www.bestpackfactory.com/de/products/custom-cosmetic-packaging-boxes.html","content-site/de/products/custom-cosmetic-packaging-boxes.html","locale_mirror","public","Kosmetikverpackungsboxen | MOQ 500 | BestPackFactory","Kosmetikverpackungsboxen nach Maß","1","Kosmetikverpackungsboxen nach Maß ab MOQ 500 Stück mit individueller Größe, Material, Druck und Veredelung.","https://www.bestpackfactory.com/de/products/custom-cosmetic-packaging-boxes.html","","0","Answer|Brand|BreadcrumbList|FAQPage|ListItem|Offer|Organization|PriceSpecification|Product|PropertyValue|Question","","34","yes"
"/de/products/custom-flat-bottom-pouches.html","https://www.bestpackfactory.com/de/products/custom-flat-bottom-pouches.html","content-site/de/products/custom-flat-bottom-pouches.html","locale_mirror","public","Flachbodenbeutel nach Maß | MOQ 500 | BestPackFactory","Flachbodenbeutel nach Maß","1","Flachbodenbeutel nach Maß ab MOQ 500 Stück mit individueller Größe, Material, Druck und Veredelung.","https://www.bestpackfactory.com/de/products/custom-flat-bottom-pouches.html","","0","Answer|Brand|BreadcrumbList|FAQPage|ImageObject|ListItem|Offer|Organization|PriceSpecification|Product|PropertyValue|Question|WebPage","","50","yes"
"/de/products/custom-luxury-gift-boxes-manufacturer-premium-rigid-gift-packaging.html","https://www.bestpackfactory.com/de/products/custom-luxury-gift-boxes-manufacturer-premium-rigid-gift-packaging.html","content-site/de/products/custom-luxury-gift-boxes-manufacturer-premium-rigid-gift-packaging.html","locale_mirror","public","Luxus-Geschenkboxen nach Maß | MOQ 500 | BestPackFactory","Hersteller für Luxus-Geschenkboxen nach Maß","1","Luxus-Geschenkboxen nach Maß ab MOQ 500 Stück: Stülpdeckelboxen mit Magnetverschluss, Folienlogo, Einlagen und Veredelung.","https://www.bestpackfactory.com/de/products/custom-luxury-gift-boxes-manufacturer-premium-rigid-gift-packaging.html","","0","Answer|Brand|BreadcrumbList|FAQPage|ListItem|Offer|Organization|PriceSpecification|Product|PropertyValue|Question","","32","yes"
"/de/products/custom-printed-tape.html","https://www.bestpackfactory.com/de/products/custom-printed-tape.html","content-site/de/products/custom-printed-tape.html","locale_mirror","public","Bedrucktes Klebeband | MOQ 500 | BestPackFactory","Bedrucktes Klebeband","1","Bedrucktes Klebeband ab MOQ 500 Stück mit individueller Größe, Material, Druck und Veredelung. Mit Muster, Qualitätskontrolle und weltweitem B2B-Versand.","https://www.bestpackfactory.com/de/products/custom-printed-tape.html","","0","Answer|Brand|BreadcrumbList|FAQPage|ListItem|Offer|Organization|Product|PropertyValue|Question","","34","yes"
"/de/products/custom-printed-tissue-paper.html","https://www.bestpackfactory.com/de/products/custom-printed-tissue-paper.html","content-site/de/products/custom-printed-tissue-paper.html","locale_mirror","public","Bedrucktes Seidenpapier | MOQ 500 | BestPackFactory","Bedrucktes Seidenpapier nach Maß","1","Bedrucktes Seidenpapier ab MOQ 500 Stück mit individueller Größe, Material, Druck und Veredelung.","https://www.bestpackfactory.com/de/products/custom-printed-tissue-paper.html","","0","Answer|Brand|BreadcrumbList|FAQPage|ListItem|Offer|Organization|PriceSpecification|Product|PropertyValue|Question","","34","yes"
"/de/products/custom-retort-pouches-ready-meal-packaging.html","https://www.bestpackfactory.com/de/products/custom-retort-pouches-ready-meal-packaging.html","content-site/de/products/custom-retort-pouches-ready-meal-packaging.html","locale_mirror","public","Retortenbeutel für Fertiggerichte | MOQ 500 | BestPackFactory","Retortenbeutel nach Maß für Fertiggerichte","1","Retortenbeutel für Fertiggerichte ab MOQ 500 Stück mit individueller Größe, Material, Druck und Veredelung.","https://www.bestpackfactory.com/de/products/custom-retort-pouches-ready-meal-packaging.html","","0","Answer|Brand|BreadcrumbList|FAQPage|ListItem|Offer|Organization|PriceSpecification|Product|PropertyValue|Question","","34","yes"
"/de/products/custom-tea-packaging-bags.html","https://www.bestpackfactory.com/de/products/custom-tea-packaging-bags.html","content-site/de/products/custom-tea-packaging-bags.html","locale_mirror","public","Teeverpackungsbeutel nach Maß | MOQ 500 | BestPackFactory","Teeverpackungsbeutel nach Maß","1","Teeverpackungsbeutel nach Maß ab MOQ 500 Stück mit individueller Größe, Material, Druck und Veredelung.","https://www.bestpackfactory.com/de/products/custom-tea-packaging-bags.html","","0","Answer|Brand|BreadcrumbList|FAQPage|ListItem|Offer|Organization|PriceSpecification|Product|PropertyValue|Question","","34","yes"
"/de/products/kraft-paper-coffee-bags.html","https://www.bestpackfactory.com/de/products/kraft-paper-coffee-bags.html","content-site/de/products/kraft-paper-coffee-bags.html","locale_mirror","public","Kaffeebeutel aus Kraftpapier | MOQ 500 | BestPackFactory","Kaffeebeutel aus Kraftpapier","1","Kaffeebeutel aus Kraftpapier ab MOQ 500 Stück mit individueller Größe, Material, Druck und Veredelung.","https://www.bestpackfactory.com/de/products/kraft-paper-coffee-bags.html","","0","Answer|Brand|BreadcrumbList|FAQPage|ListItem|Offer|Organization|PriceSpecification|Product|PropertyValue|Question","","34","yes"
"/de/products/labels-stickers.html","https://www.bestpackfactory.com/de/products/labels-stickers.html","content-site/de/products/labels-stickers.html","locale_mirror","public","Etiketten &amp; Aufkleber | MOQ 500 | BestPackFactory","Etiketten & Aufkleber","1","Etiketten und Aufkleber ab MOQ 500 Stück mit individueller Größe, Material, Druck und Veredelung.","https://www.bestpackfactory.com/de/products/labels-stickers.html","","0","Answer|Brand|BreadcrumbList|FAQPage|ListItem|Offer|Organization|Product|PropertyValue|Question","","35","yes"
"/de/products/luxury-magnetic-boxes.html","https://www.bestpackfactory.com/de/products/luxury-magnetic-boxes.html","content-site/de/products/luxury-magnetic-boxes.html","locale_mirror","public","Magnet-Geschenkboxen nach Maß | MOQ 500 | BestPackFactory","Magnet-Geschenkboxen nach Maß","1","Magnet-Geschenkboxen nach Maß mit Stülpdeckel- oder faltbarer Struktur, Markenveredelung und passgenauen Einlagen. MOQ 500 Stück.","https://www.bestpackfactory.com/de/products/luxury-magnetic-boxes.html","","0","Answer|Brand|BreadcrumbList|FAQPage|ListItem|Offer|Product|PropertyValue|Question|WebPage","","40","yes"
"/de/products/paper-bags.html","https://www.bestpackfactory.com/de/products/paper-bags.html","content-site/de/products/paper-bags.html","locale_mirror","public","Papiertüten nach Maß | MOQ 500 | BestPackFactory","Bedruckte Papiertüten nach Maß","1","Bedruckte Papiertüten nach Maß für Handel, Geschenke und Mitnahme, mit Kraft- oder Bilderdruckpapier, mehreren Henkelarten und Markenveredelung.","https://www.bestpackfactory.com/de/products/paper-bags.html","","0","Answer|Brand|BreadcrumbList|FAQPage|ListItem|Offer|Product|PropertyValue|Question|WebPage","","42","yes"
"/de/products/pet-food-bags.html","https://www.bestpackfactory.com/de/products/pet-food-bags.html","content-site/de/products/pet-food-bags.html","locale_mirror","public","Tierfutterbeutel | MOQ 500 | BestPackFactory","Tierfutterbeutel","1","Tierfutterbeutel ab MOQ 500 Stück mit individueller Größe, Material, Druck und Veredelung. Mit Muster, Qualitätskontrolle und weltweitem B2B-Versand.","https://www.bestpackfactory.com/de/products/pet-food-bags.html","","0","Answer|Brand|BreadcrumbList|FAQPage|ListItem|Offer|Organization|Product|PropertyValue|Question","","34","yes"
"/de/products/pharma-packaging.html","https://www.bestpackfactory.com/de/products/pharma-packaging.html","content-site/de/products/pharma-packaging.html","locale_mirror","public","Pharma-Verpackung | MOQ 500 | BestPackFactory","Pharma-Verpackung","1","Pharma-Verpackungen ab MOQ 500 Stück mit individueller Größe, Material, Druck und Veredelung. Mit Muster, Qualitätskontrolle und weltweitem B2B-Versand.","https://www.bestpackfactory.com/de/products/pharma-packaging.html","","0","Answer|Brand|BreadcrumbList|FAQPage|ListItem|Offer|Organization|Product|PropertyValue|Question","","34","yes"
"/de/products/pharmaceutical-folding-cartons.html","https://www.bestpackfactory.com/de/products/pharmaceutical-folding-cartons.html","content-site/de/products/pharmaceutical-folding-cartons.html","locale_mirror","public","Pharma-Faltkartons | MOQ 500 | BestPackFactory","Pharma-Faltkartons","1","Pharma-Faltkartons ab MOQ 500 Stück mit individueller Größe, Material, Druck und Veredelung. Mit Muster, Qualitätskontrolle und weltweitem B2B-Versand.","https://www.bestpackfactory.com/de/products/pharmaceutical-folding-cartons.html","","0","Answer|Brand|BreadcrumbList|FAQPage|ListItem|Offer|Organization|Product|PropertyValue|Question","","34","yes"
"/de/products/pizza-packaging-boxes.html","https://www.bestpackfactory.com/de/products/pizza-packaging-boxes.html","content-site/de/products/pizza-packaging-boxes.html","locale_mirror","public","Pizzakartons | MOQ 500 | BestPackFactory","Pizzakartons","1","Pizzakartons ab MOQ 500 Stück mit individueller Größe, Material, Druck und Veredelung. Mit Muster, Qualitätskontrolle und weltweitem B2B-Versand.","https://www.bestpackfactory.com/de/products/pizza-packaging-boxes.html","","0","Answer|Brand|BreadcrumbList|FAQPage|ListItem|Offer|Organization|Product|PropertyValue|Question","","32","yes"
"/de/products/tin-boxes.html","https://www.bestpackfactory.com/de/products/tin-boxes.html","content-site/de/products/tin-boxes.html","locale_mirror","public","Blechdosen | MOQ 500 | BestPackFactory","Blechdosen","1","Blechdosen ab MOQ 500 Stück mit individueller Größe, Material, Druck u Kostenlose Druckvorlagen, Muster in 5–7 Tagen, Qualitätskontrolle und weltweiter.","https://www.bestpackfactory.com/de/products/tin-boxes.html","","0","Answer|Brand|BreadcrumbList|FAQPage|ListItem|Offer|Organization|Product|PropertyValue|Question","","34","yes"
"/de/products/wine-magnetic-gift-boxes.html","https://www.bestpackfactory.com/de/products/wine-magnetic-gift-boxes.html","content-site/de/products/wine-magnetic-gift-boxes.html","locale_mirror","public","Magnet-Geschenkboxen für Wein | MOQ 500 | BestPackFactory","Magnet-Geschenkboxen für Wein","1","Magnet-Geschenkboxen für Wein ab MOQ 500 Stück mit individueller Größe, Material, Druck und Veredelung.","https://www.bestpackfactory.com/de/products/wine-magnetic-gift-boxes.html","","0","Answer|Brand|BreadcrumbList|FAQPage|ListItem|Offer|Organization|PriceSpecification|Product|PropertyValue|Question","","34","yes"
"/es","https://www.bestpackfactory.com/es","content-site/es/index.html","locale_mirror","public","Envases Personalizados a Medida | MOQ 500 | BestPackFactory","Soluciones de Envases Personalizados para Marcas Globales","1","Cajas magnéticas de regalo, cajas rígidas, bolsas de papel, bolsas de pie y envases alimentarios desde Shenzhen. MOQ 500 uds.","https://www.bestpackfactory.com/es","index, follow, max-image-preview:large, max-snippet:-1, max-video-preview:-1","7","Answer|BreadcrumbList|ContactPoint|FAQPage|ListItem|Organization|PostalAddress|Question|WebSite","","54","yes"
"/es/contact.html","https://www.bestpackfactory.com/es/contact.html","content-site/es/contact.html","locale_mirror","public","Contacto BestPackFactory | Presupuesto Gratuito de Envases","Solicita un Presupuesto de Envases Personalizados","1","Contacta con BestPackFactory para un presupuesto gratuito de envases personalizados. MOQ 500 PCS. WhatsApp, email o formulario RFQ. Respuesta en 24 horas.","https://www.bestpackfactory.com/es/contact.html","","0","BreadcrumbList|ContactPage|ContactPoint|ListItem|Manufacturer|Organization|PostalAddress","","32","yes"
"/es/products.html","https://www.bestpackfactory.com/es/products.html","content-site/es/products.html","locale_mirror","public","Envases Personalizados B2B | MOQ 500 PCS | BestPackFactory","Productos de Envases Personalizados B2B","1","Compara más de 70 productos de envases personalizados B2B: cajas, bolsas de pie, bolsas de café, comida para mascotas, etiquetas y botellas.","https://www.bestpackfactory.com/es/products.html","","0","BreadcrumbList|CollectionPage|ItemList|ListItem","","130","yes"
"/es/products/coffee-bags.html","https://www.bestpackfactory.com/es/products/coffee-bags.html","content-site/es/products/coffee-bags.html","locale_mirror","public","Bolsas de Café | MOQ 500 PCS | BestPackFactory","Bolsas de Café","1","Bolsas de café personalizadas desde MOQ 500 PCS con tamaño, material, impresión y acabado a medida.","https://www.bestpackfactory.com/es/products/coffee-bags.html","","0","Answer|Brand|BreadcrumbList|FAQPage|ListItem|Offer|Organization|Product|PropertyValue|Question","","34","yes"
"/es/products/custom-boxes.html","https://www.bestpackfactory.com/es/products/custom-boxes.html","content-site/es/products/custom-boxes.html","locale_mirror","public","Cajas Personalizadas | MOQ 500 PCS | BestPackFactory","Cajas Personalizadas","1","Cajas personalizadas con MOQ 500 PCS: tamaño, material, impresión y acabado a medida. Muestras, control de calidad, dielines gratuitas y envío B2B mundial.","https://www.bestpackfactory.com/es/products/custom-boxes.html","","0","Answer|Brand|BreadcrumbList|FAQPage|ListItem|Offer|Organization|Product|PropertyValue|Question","","34","yes"
"/es/products/custom-compostable-stand-up-pouches.html","https://www.bestpackfactory.com/es/products/custom-compostable-stand-up-pouches.html","content-site/es/products/custom-compostable-stand-up-pouches.html","locale_mirror","public","Bolsas Compostables | MOQ 500 PCS | BestPackFactory","Bolsas de Pie Compostables Personalizadas","1","Bolsas de pie compostables personalizadas desde MOQ 500 PCS con material biodegradable, impresión y acabado a medida. Certificadas. Envío B2B mundial.","https://www.bestpackfactory.com/es/products/custom-compostable-stand-up-pouches.html","","0","Answer|Brand|BreadcrumbList|FAQPage|ListItem|Offer|Organization|Product|PropertyValue|Question","","34","yes"
"/es/products/custom-cosmetic-packaging-boxes.html","https://www.bestpackfactory.com/es/products/custom-cosmetic-packaging-boxes.html","content-site/es/products/custom-cosmetic-packaging-boxes.html","locale_mirror","public","Cajas Cosméticas Personalizadas | MOQ 500 | BestPackFactory","Cajas de Envases Cosméticos Personalizados","1","Cajas de envase cosmético personalizadas desde MOQ 500 PCS con tamaño, material, impresión y acabado a medida.","https://www.bestpackfactory.com/es/products/custom-cosmetic-packaging-boxes.html","","0","Answer|Brand|BreadcrumbList|FAQPage|ListItem|Offer|Organization|Product|PropertyValue|Question","","34","yes"
"/es/products/custom-flat-bottom-pouches.html","https://www.bestpackfactory.com/es/products/custom-flat-bottom-pouches.html","content-site/es/products/custom-flat-bottom-pouches.html","locale_mirror","public","Bolsas de Fondo Plano | MOQ 500 PCS | BestPackFactory","Bolsas de Fondo Plano Personalizadas","1","Bolsas de fondo plano personalizadas desde MOQ 500 PCS con tamaño, material, impresión y acabado a medida.","https://www.bestpackfactory.com/es/products/custom-flat-bottom-pouches.html","","0","Answer|Brand|BreadcrumbList|FAQPage|ImageObject|ListItem|Offer|Organization|PriceSpecification|Product|PropertyValue|Question|WebPage","","50","yes"
"/es/products/custom-luxury-gift-boxes-manufacturer-premium-rigid-gift-packaging.html","https://www.bestpackfactory.com/es/products/custom-luxury-gift-boxes-manufacturer-premium-rigid-gift-packaging.html","content-site/es/products/custom-luxury-gift-boxes-manufacturer-premium-rigid-gift-packaging.html","locale_mirror","public","Cajas de Regalo de Lujo | MOQ 500 PCS | BestPackFactory","Cajas de Regalo de Lujo Personalizadas","1","Cajas de regalo de lujo desde MOQ 500 PCS con tamaño, material, impresión y acabado a medida. Envases rígidos premium con muestras, QC y envío B2B mundial.","https://www.bestpackfactory.com/es/products/custom-luxury-gift-boxes-manufacturer-premium-rigid-gift-packaging.html","","0","Answer|Brand|BreadcrumbList|FAQPage|ListItem|Offer|Organization|Product|Question","","32","yes"
"/es/products/custom-printed-tape.html","https://www.bestpackfactory.com/es/products/custom-printed-tape.html","content-site/es/products/custom-printed-tape.html","locale_mirror","public","Cinta Impresa Personalizada | MOQ 500 | BestPackFactory","Cinta Impresa Personalizada","1","Cinta impresa personalizada desde MOQ 500 PCS con tamaño, material, impresión y acabado a medida. Para cajas de marca. Muestras, QC y envío B2B mundial.","https://www.bestpackfactory.com/es/products/custom-printed-tape.html","","0","Answer|Brand|BreadcrumbList|FAQPage|ListItem|Offer|Organization|Product|PropertyValue|Question","","34","yes"
"/es/products/custom-printed-tissue-paper.html","https://www.bestpackfactory.com/es/products/custom-printed-tissue-paper.html","content-site/es/products/custom-printed-tissue-paper.html","locale_mirror","public","Papel de Seda Impreso | MOQ 500 PCS | BestPackFactory","Papel de Seda Impreso Personalizado","1","Papel de seda impreso personalizado desde MOQ 500 PCS con tamaño, material, impresión y acabado a medida. Para unboxing, regalos y retail.","https://www.bestpackfactory.com/es/products/custom-printed-tissue-paper.html","","0","Answer|Brand|BreadcrumbList|FAQPage|ListItem|Offer|Organization|Product|PropertyValue|Question","","34","yes"
"/es/products/custom-retort-pouches-ready-meal-packaging.html","https://www.bestpackfactory.com/es/products/custom-retort-pouches-ready-meal-packaging.html","content-site/es/products/custom-retort-pouches-ready-meal-packaging.html","locale_mirror","public","Bolsas Retort para Comidas | MOQ 500 | BestPackFactory","Bolsas Retort para Comidas Preparadas","1","Bolsas retort para comidas preparadas desde MOQ 500 PCS: esterilización a 121-135 °C, alta barrera y resistencia a la perforación.","https://www.bestpackfactory.com/es/products/custom-retort-pouches-ready-meal-packaging.html","","0","Answer|Brand|BreadcrumbList|FAQPage|ListItem|Offer|Organization|PriceSpecification|Product|PropertyValue|Question","","34","yes"
"/es/products/custom-tea-packaging-bags.html","https://www.bestpackfactory.com/es/products/custom-tea-packaging-bags.html","content-site/es/products/custom-tea-packaging-bags.html","locale_mirror","public","Bolsas de Té Personalizadas | MOQ 500 PCS | BestPackFactory","Bolsas de Envasado de Té Personalizadas","1","Bolsas de envasado de té personalizadas desde MOQ 500 PCS con tamaño, material, impresión y acabado a medida. Protección de aroma y envío B2B mundial.","https://www.bestpackfactory.com/es/products/custom-tea-packaging-bags.html","","0","Answer|Brand|BreadcrumbList|FAQPage|ListItem|Offer|Organization|Product|PropertyValue|Question","","34","yes"
"/es/products/kraft-paper-coffee-bags.html","https://www.bestpackfactory.com/es/products/kraft-paper-coffee-bags.html","content-site/es/products/kraft-paper-coffee-bags.html","locale_mirror","public","Bolsas de Café Kraft | MOQ 500 PCS | BestPackFactory","Bolsas de Café de Papel Kraft","1","Bolsas de café de papel kraft desde MOQ 500 PCS con válvula, cremallera e impresión de marca. Tamaño, material y acabado a medida, con envío B2B mundial.","https://www.bestpackfactory.com/es/products/kraft-paper-coffee-bags.html","","0","Answer|Brand|BreadcrumbList|FAQPage|ListItem|Offer|Organization|Product|PropertyValue|Question","","34","yes"
"/es/products/labels-stickers.html","https://www.bestpackfactory.com/es/products/labels-stickers.html","content-site/es/products/labels-stickers.html","locale_mirror","public","Etiquetas y Pegatinas | MOQ 500 PCS | BestPackFactory","Etiquetas y Pegatinas","1","Etiquetas y pegatinas desde MOQ 500 PCS con tamaño, material, impresión y acabado a medida. Rollos para etiquetado automático, hojas y envío B2B mundial.","https://www.bestpackfactory.com/es/products/labels-stickers.html","","0","Answer|Brand|BreadcrumbList|FAQPage|ListItem|Offer|Organization|Product|PropertyValue|Question","","34","yes"
"/es/products/luxury-magnetic-boxes.html","https://www.bestpackfactory.com/es/products/luxury-magnetic-boxes.html","content-site/es/products/luxury-magnetic-boxes.html","locale_mirror","public","Fabricante de Cajas Magnéticas | MOQ 500 | BestPackFactory","Cajas Magnéticas de Regalo Personalizadas","1","Cajas magnéticas de regalo con estructuras rígidas o plegables, acabados de marca e insertos a medida. MOQ 500 PCS. Solicita un presupuesto de fábrica.","https://www.bestpackfactory.com/es/products/luxury-magnetic-boxes.html","","0","Answer|Brand|BreadcrumbList|FAQPage|ListItem|Offer|Product|PropertyValue|Question|WebPage","","40","yes"
"/es/products/paper-bags.html","https://www.bestpackfactory.com/es/products/paper-bags.html","content-site/es/products/paper-bags.html","locale_mirror","public","Bolsas de Papel Personalizadas | MOQ 500 | BestPackFactory","Bolsas de Papel Impresas Personalizadas","1","Bolsas de papel impresas a medida para retail, regalos y takeaway, con papel kraft o estucado, asas y acabados de marca. MOQ 500 PCS y envío B2B mundial.","https://www.bestpackfactory.com/es/products/paper-bags.html","","0","Answer|Brand|BreadcrumbList|FAQPage|ListItem|Offer|Product|PropertyValue|Question|WebPage","","42","yes"
"/es/products/pet-food-bags.html","https://www.bestpackfactory.com/es/products/pet-food-bags.html","content-site/es/products/pet-food-bags.html","locale_mirror","public","Bolsas para Mascotas | MOQ 500 PCS | BestPackFactory","Bolsas para Comida de Mascotas","1","Bolsas para comida de mascotas desde MOQ 500 PCS con tamaño, material, impresión y acabado a medida.","https://www.bestpackfactory.com/es/products/pet-food-bags.html","","0","Answer|Brand|BreadcrumbList|FAQPage|ListItem|Offer|Organization|Product|PropertyValue|Question","","34","yes"
"/es/products/pharma-packaging.html","https://www.bestpackfactory.com/es/products/pharma-packaging.html","content-site/es/products/pharma-packaging.html","locale_mirror","public","Envases Farmacéuticos | MOQ 500 PCS | BestPackFactory","Envases Farmacéuticos","1","Envases farmacéuticos desde MOQ 500 PCS con tamaño, material, impresión y acabado a medida.","https://www.bestpackfactory.com/es/products/pharma-packaging.html","","0","Answer|Brand|BreadcrumbList|FAQPage|ListItem|Offer|Organization|Product|PropertyValue|Question","","34","yes"
"/es/products/pharmaceutical-folding-cartons.html","https://www.bestpackfactory.com/es/products/pharmaceutical-folding-cartons.html","content-site/es/products/pharmaceutical-folding-cartons.html","locale_mirror","public","Estuches Farmacéuticos | MOQ 500 PCS | BestPackFactory","Estuches de Cartón Farmacéuticos","1","Estuches de cartón farmacéuticos desde MOQ 500 PCS con tamaño, material, impresión y acabado a medida. GS1 DataMatrix y trazabilidad. Envío B2B mundial.","https://www.bestpackfactory.com/es/products/pharmaceutical-folding-cartons.html","","0","Answer|Brand|BreadcrumbList|FAQPage|ListItem|Offer|Organization|Product|PropertyValue|Question","","34","yes"
"/es/products/pizza-packaging-boxes.html","https://www.bestpackfactory.com/es/products/pizza-packaging-boxes.html","content-site/es/products/pizza-packaging-boxes.html","locale_mirror","public","Cajas para Pizza | MOQ 500 PCS | BestPackFactory","Cajas para Pizza","1","Cajas para pizza desde MOQ 500 PCS con tamaño, material, impresión y acabado a medida. Recubrimientos antigrasa y aptos para alimentos. Envío B2B mundial.","https://www.bestpackfactory.com/es/products/pizza-packaging-boxes.html","","0","Answer|Brand|BreadcrumbList|FAQPage|ListItem|Offer|Organization|Product|PropertyValue|Question","","32","yes"
"/es/products/tin-boxes.html","https://www.bestpackfactory.com/es/products/tin-boxes.html","content-site/es/products/tin-boxes.html","locale_mirror","public","Latas Metálicas | MOQ 500 PCS | BestPackFactory","Latas Metálicas","1","Latas metálicas desde MOQ 500 PCS con tamaño, forma, impresión y acabado a medida. Laca interior apta para alimentos. Muestras, QC y envío B2B mundial.","https://www.bestpackfactory.com/es/products/tin-boxes.html","","0","Answer|Brand|BreadcrumbList|FAQPage|ListItem|Offer|Organization|Product|PropertyValue|Question","","34","yes"
"/es/products/wine-magnetic-gift-boxes.html","https://www.bestpackfactory.com/es/products/wine-magnetic-gift-boxes.html","content-site/es/products/wine-magnetic-gift-boxes.html","locale_mirror","public","Cajas Magnéticas para Vino | MOQ 500 | BestPackFactory","Cajas Magnéticas de Regalo para Vino","1","Cajas magnéticas de regalo para vino desde MOQ 500 PCS con inserto de espuma, cinta y acabado a medida. Muestras, control de calidad y envío B2B mundial.","https://www.bestpackfactory.com/es/products/wine-magnetic-gift-boxes.html","","0","Answer|Brand|BreadcrumbList|FAQPage|ListItem|Offer|Organization|Product|PropertyValue|Question","","34","yes"
"/factory.html","https://www.bestpackfactory.com/factory.html","content-site/factory.html","other","public","Packaging Factory & Quality Control | BestPackFactory","Factory, Production Workshop & Quality Control","1","Factory trust hub for B2B custom packaging buyers: production workshop, printing, flexible packaging, QC and export support.","https://www.bestpackfactory.com/factory.html","index, follow, max-image-preview:large, max-snippet:-1, max-video-preview:-1","0","BreadcrumbList|ImageObject|ListItem|Organization|WebPage","","41","yes"
"/factory/about-us.html","https://www.bestpackfactory.com/factory/about-us.html","content-site/factory/about-us.html","factory","public","About BestPackFactory | Packaging Factory | BestPackFactory","About BestPackFactory","1","B2B custom packaging factory profile covering strategy, structural design, sampling, production, QC and logistics.","https://www.bestpackfactory.com/factory/about-us.html","index, follow, max-image-preview:large, max-snippet:-1, max-video-preview:-1","0","BreadcrumbList|ImageObject|ListItem|Organization|WebPage","","45","yes"
"/factory/certificates.html","https://www.bestpackfactory.com/factory/certificates.html","content-site/factory/certificates.html","certificates","public","Certifications & Compliance | BestPackFactory","Certifications & Compliance","1","Verify BestPackFactory's legal entity, current ISO certificates, expired HACCP record, FSC relationship status and FDA 21 CFR 177.1520 sample test report.","https://www.bestpackfactory.com/factory/certificates.html","index, follow, max-image-preview:large, max-snippet:-1, max-video-preview:-1","0","BreadcrumbList|Certification|ListItem|Organization|PostalAddress|Report|WebPage","","51","yes"
"/factory/exhibition.html","https://www.bestpackfactory.com/factory/exhibition.html","content-site/factory/exhibition.html","factory","public","Packaging Exhibitions & Buyer Meetings | BestPackFactory","Exhibition & Buyer Meetings","1","Factory exhibition, buyer meeting and sample display support for B2B custom packaging customers.","https://www.bestpackfactory.com/factory/exhibition.html","index, follow, max-image-preview:large, max-snippet:-1, max-video-preview:-1","0","BreadcrumbList|ImageObject|ListItem|Organization|WebPage","","45","yes"
"/factory/production-workshop.html","https://www.bestpackfactory.com/factory/production-workshop.html","content-site/factory/production-workshop.html","factory","public","Production Workshop | Packaging Factory | BestPackFactory","Production Workshop","1","Printing and packaging production workshop for paper boxes, bags, flexible packaging and accessories.","https://www.bestpackfactory.com/factory/production-workshop.html","index, follow, max-image-preview:large, max-snippet:-1, max-video-preview:-1","0","BreadcrumbList|ImageObject|ListItem|Organization|WebPage","","45","yes"
"/factory/quality-control.html","https://www.bestpackfactory.com/factory/quality-control.html","content-site/factory/quality-control.html","factory","public","Quality Control | Packaging Factory | BestPackFactory","Quality Control","1","Quality control workflow for materials, colors, pre-production proof, bulk production and finished goods.","https://www.bestpackfactory.com/factory/quality-control.html","index, follow, max-image-preview:large, max-snippet:-1, max-video-preview:-1","0","BreadcrumbList|ImageObject|ListItem|Organization|WebPage","","45","yes"
"/faq.html","https://www.bestpackfactory.com/faq.html","content-site/faq.html","faq","public","Custom Packaging FAQ | MOQ, Samples, Dieline | BestPackFactory","Custom Packaging FAQ","1","FAQ: MOQ 500 PCS, sampling 5–7 days, free dielines, Incoterms, compliance documents and variable-data printing from BestPackFactory.","https://www.bestpackfactory.com/faq.html","index, follow","7","Answer|BreadcrumbList|FAQPage|ListItem|Question","","7","yes"
"/finishes.html","https://www.bestpackfactory.com/finishes.html","content-site/finishes.html","category_hub","public","Packaging Finishes: Foil, Spot UV, Embossing & More","Packaging Printing & Surface Finishes","1","Static SEO finishing hub for custom packaging buyers: foil stamping, spot UV, embossing, matte lamination and soft-touch finishing.","https://www.bestpackfactory.com/finishes.html","index, follow, max-image-preview:large, max-snippet:-1, max-video-preview:-1","0","BreadcrumbList|ImageObject|ListItem|Organization|WebPage","","41","yes"
"/finishes/embossing-packaging.html","https://www.bestpackfactory.com/finishes/embossing-packaging.html","content-site/finishes/embossing-packaging.html","finish","public","Embossing Packaging | Custom Packaging Surface Finish","Embossing Packaging","1","Embossing and debossing for tactile logos on rigid boxes, cartons, sleeves and paper bags.","https://www.bestpackfactory.com/finishes/embossing-packaging.html","index, follow, max-image-preview:large, max-snippet:-1, max-video-preview:-1","0","BreadcrumbList|ImageObject|ListItem|Organization|WebPage","","36","yes"
"/finishes/foil-stamping-packaging.html","https://www.bestpackfactory.com/finishes/foil-stamping-packaging.html","content-site/finishes/foil-stamping-packaging.html","finish","public","Foil Stamping Packaging | Custom Packaging Surface Finish","Foil Stamping Packaging","1","Hot foil stamping for logos, premium gift boxes, cosmetic cartons, paper bags and luxury retail packaging.","https://www.bestpackfactory.com/finishes/foil-stamping-packaging.html","index, follow, max-image-preview:large, max-snippet:-1, max-video-preview:-1","0","BreadcrumbList|ImageObject|ListItem|Organization|WebPage","","36","yes"
"/finishes/matte-lamination-packaging.html","https://www.bestpackfactory.com/finishes/matte-lamination-packaging.html","content-site/finishes/matte-lamination-packaging.html","finish","public","Matte Lamination Packaging | Custom Packaging Surface Finish","Matte Lamination Packaging","1","Matte lamination for elegant coffee bags, cosmetic boxes, cannabis pouches and luxury retail packaging.","https://www.bestpackfactory.com/finishes/matte-lamination-packaging.html","index, follow, max-image-preview:large, max-snippet:-1, max-video-preview:-1","0","BreadcrumbList|ImageObject|ListItem|Organization|WebPage","","36","yes"
"/finishes/soft-touch-packaging.html","https://www.bestpackfactory.com/finishes/soft-touch-packaging.html","content-site/finishes/soft-touch-packaging.html","finish","public","Soft Touch Packaging | Custom Packaging Surface Finish","Soft Touch Packaging","1","Soft-touch coating for premium tactile packaging used in cosmetics, luxury gift and retail projects.","https://www.bestpackfactory.com/finishes/soft-touch-packaging.html","index, follow, max-image-preview:large, max-snippet:-1, max-video-preview:-1","0","BreadcrumbList|ImageObject|ListItem|Organization|WebPage","","36","yes"
"/finishes/spot-uv-packaging.html","https://www.bestpackfactory.com/finishes/spot-uv-packaging.html","content-site/finishes/spot-uv-packaging.html","finish","public","Spot UV Packaging | Custom Packaging Surface Finish","Spot UV Packaging","1","Spot UV finishing for premium printed logos, patterns and high-contrast brand details.","https://www.bestpackfactory.com/finishes/spot-uv-packaging.html","index, follow, max-image-preview:large, max-snippet:-1, max-video-preview:-1","0","BreadcrumbList|ImageObject|ListItem|Organization|WebPage","","36","yes"
"/fr","https://www.bestpackfactory.com/fr","content-site/fr/index.html","locale_mirror","public","Fabricant d'emballages personnalisés | MOQ 500 PCS","Emballages Personnalisés Pour Marques Mondiales","1","Boîtes magnétiques, boîtes rigides, sacs en papier, sachets debout et emballages alimentaires fabriqués à Shenzhen. MOQ 500 pièces. Devis usine direct.","https://www.bestpackfactory.com/fr","index, follow, max-image-preview:large, max-snippet:-1, max-video-preview:-1","7","Answer|BreadcrumbList|ContactPoint|FAQPage|ListItem|Organization|PostalAddress|Question|WebSite","","54","yes"
"/fr/contact.html","https://www.bestpackfactory.com/fr/contact.html","content-site/fr/contact.html","locale_mirror","public","Contact BestPackFactory | Devis emballage personnalisé","Obtenir un devis d'emballage personnalisé","1","Contactez BestPackFactory pour un devis gratuit sur vos emballages personnalisés. MOQ 500 pièces. WhatsApp, e-mail ou formulaire RFQ. Réponse en 24 h.","https://www.bestpackfactory.com/fr/contact.html","","0","BreadcrumbList|ContactPage|ContactPoint|ListItem|Manufacturer|Organization|PostalAddress","","32","yes"
"/fr/products.html","https://www.bestpackfactory.com/fr/products.html","content-site/fr/products.html","locale_mirror","public","Emballages personnalisés B2B | MOQ 500 | BestPackFactory","Produits d'emballage personnalisés B2B","1","Sourcing B2B : comparez 70+ emballages personnalisés, boîtes, sachets, sachets de café, sachets pour animaux, étiquettes et bouteilles. MOQ dès 500 pièces.","https://www.bestpackfactory.com/fr/products.html","","0","BreadcrumbList|CollectionPage|ItemList|ListItem","","130","yes"
"/fr/products/coffee-bags.html","https://www.bestpackfactory.com/fr/products/coffee-bags.html","content-site/fr/products/coffee-bags.html","locale_mirror","public","Sachets de café | MOQ 500 PCS | BestPackFactory","Sachets de café","1","Sachets de café personnalisés dès 500 pièces : taille, matériau, impression et finition sur mesure.","https://www.bestpackfactory.com/fr/products/coffee-bags.html","","0","Answer|Brand|BreadcrumbList|FAQPage|ListItem|Offer|Organization|PriceSpecification|Product|PropertyValue|Question","","34","yes"
"/fr/products/custom-boxes.html","https://www.bestpackfactory.com/fr/products/custom-boxes.html","content-site/fr/products/custom-boxes.html","locale_mirror","public","Cartons personnalisés | MOQ 500 PCS | BestPackFactory","Cartons personnalisés","1","Cartons personnalisés dès 500 pièces : taille, matériau, impression et finition sur mesure. Échantillonnage, contrôle qualité et expédition B2B mondiale.","https://www.bestpackfactory.com/fr/products/custom-boxes.html","","0","Answer|Brand|BreadcrumbList|FAQPage|ListItem|Offer|Organization|Product|PropertyValue|Question","","34","yes"
"/fr/products/custom-compostable-stand-up-pouches.html","https://www.bestpackfactory.com/fr/products/custom-compostable-stand-up-pouches.html","content-site/fr/products/custom-compostable-stand-up-pouches.html","locale_mirror","public","Sachets debout compostables | MOQ 500 PCS","Sachets debout compostables personnalisés","1","Sachets compostables sur mesure dès 500 pièces : taille, matériau, impression et finition à façon. Échantillonnage, contrôle qualité, expédition mondiale.","https://www.bestpackfactory.com/fr/products/custom-compostable-stand-up-pouches.html","","0","Answer|Brand|BreadcrumbList|FAQPage|ListItem|Offer|Organization|PriceSpecification|Product|PropertyValue|Question","","34","yes"
"/fr/products/custom-cosmetic-packaging-boxes.html","https://www.bestpackfactory.com/fr/products/custom-cosmetic-packaging-boxes.html","content-site/fr/products/custom-cosmetic-packaging-boxes.html","locale_mirror","public","Boîtes cosmétiques personnalisées | MOQ 500 PCS","Boîtes cosmétiques personnalisées","1","Boîtes cosmétiques personnalisées dès 500 pièces : taille, matériau, impression et finition à façon.","https://www.bestpackfactory.com/fr/products/custom-cosmetic-packaging-boxes.html","","0","Answer|Brand|BreadcrumbList|FAQPage|ListItem|Offer|Organization|PriceSpecification|Product|PropertyValue|Question","","34","yes"
"/fr/products/custom-flat-bottom-pouches.html","https://www.bestpackfactory.com/fr/products/custom-flat-bottom-pouches.html","content-site/fr/products/custom-flat-bottom-pouches.html","locale_mirror","public","Sachets à fond plat | MOQ 500 PCS | BestPackFactory","Sachets à fond plat personnalisés","1","Sachets à fond plat personnalisés dès 500 pièces : taille, matériau, impression et finition à façon.","https://www.bestpackfactory.com/fr/products/custom-flat-bottom-pouches.html","","0","Answer|Brand|BreadcrumbList|FAQPage|ImageObject|ListItem|Offer|Organization|PriceSpecification|Product|PropertyValue|Question|WebPage","","50","yes"
"/fr/products/custom-luxury-gift-boxes-manufacturer-premium-rigid-gift-packaging.html","https://www.bestpackfactory.com/fr/products/custom-luxury-gift-boxes-manufacturer-premium-rigid-gift-packaging.html","content-site/fr/products/custom-luxury-gift-boxes-manufacturer-premium-rigid-gift-packaging.html","locale_mirror","public","Boîtes cadeaux de luxe personnalisées | MOQ 500 PCS","Boîtes cadeaux de luxe personnalisées","1","Boîtes cadeaux de luxe personnalisées dès 500 pièces : taille, matériau, impression et finition à façon.","https://www.bestpackfactory.com/fr/products/custom-luxury-gift-boxes-manufacturer-premium-rigid-gift-packaging.html","","0","Answer|Brand|BreadcrumbList|FAQPage|ListItem|Offer|Organization|PriceSpecification|Product|PropertyValue|Question","","34","yes"
"/fr/products/custom-printed-tape.html","https://www.bestpackfactory.com/fr/products/custom-printed-tape.html","content-site/fr/products/custom-printed-tape.html","locale_mirror","public","Ruban adhésif imprimé personnalisé | MOQ 500 PCS","Ruban adhésif imprimé personnalisé","1","Ruban adhésif imprimé sur mesure dès 500 pièces : taille, matériau, impression et finition à façon. Échantillonnage, contrôle qualité, expédition mondiale.","https://www.bestpackfactory.com/fr/products/custom-printed-tape.html","","0","Answer|Brand|BreadcrumbList|FAQPage|ListItem|Offer|Organization|PriceSpecification|Product|PropertyValue|Question","","34","yes"
"/fr/products/custom-printed-tissue-paper.html","https://www.bestpackfactory.com/fr/products/custom-printed-tissue-paper.html","content-site/fr/products/custom-printed-tissue-paper.html","locale_mirror","public","Papier de soie imprimé personnalisé | MOQ 500","Papier de soie imprimé personnalisé","1","Papier de soie imprimé sur mesure dès 500 pièces : taille, grammage, impression et finition à façon.","https://www.bestpackfactory.com/fr/products/custom-printed-tissue-paper.html","","0","Answer|Brand|BreadcrumbList|FAQPage|ListItem|Offer|Organization|PriceSpecification|Product|PropertyValue|Question","","34","yes"
"/fr/products/custom-retort-pouches-ready-meal-packaging.html","https://www.bestpackfactory.com/fr/products/custom-retort-pouches-ready-meal-packaging.html","content-site/fr/products/custom-retort-pouches-ready-meal-packaging.html","locale_mirror","public","Sachets autoclaves pour plats cuisinés | MOQ 500","Sachets autoclaves pour plats cuisinés","1","Sachets autoclaves pour plats cuisinés dès 500 pièces : taille, matériau, impression, finition à façon.","https://www.bestpackfactory.com/fr/products/custom-retort-pouches-ready-meal-packaging.html","","0","Answer|Brand|BreadcrumbList|FAQPage|ListItem|Offer|Organization|PriceSpecification|Product|PropertyValue|Question","","34","yes"
"/fr/products/custom-tea-packaging-bags.html","https://www.bestpackfactory.com/fr/products/custom-tea-packaging-bags.html","content-site/fr/products/custom-tea-packaging-bags.html","locale_mirror","public","Sachets de thé personnalisés | MOQ 500 PCS","Sachets de thé personnalisés","1","Sachets de thé personnalisés dès 500 pièces : taille, matériau, impression et finition sur mesure.","https://www.bestpackfactory.com/fr/products/custom-tea-packaging-bags.html","","0","Answer|Brand|BreadcrumbList|FAQPage|ListItem|Offer|Organization|Product|PropertyValue|QuantitativeValue|Question","","34","yes"
"/fr/products/kraft-paper-coffee-bags.html","https://www.bestpackfactory.com/fr/products/kraft-paper-coffee-bags.html","content-site/fr/products/kraft-paper-coffee-bags.html","locale_mirror","public","Sachets de café en papier kraft | MOQ 500","Sachets de café en papier kraft","1","Sachets de café kraft personnalisés dès 500 pièces : taille, matériau, impression et finition à façon.","https://www.bestpackfactory.com/fr/products/kraft-paper-coffee-bags.html","","0","Answer|Brand|BreadcrumbList|FAQPage|ListItem|Offer|Organization|Product|PropertyValue|QuantitativeValue|Question","","34","yes"
"/fr/products/labels-stickers.html","https://www.bestpackfactory.com/fr/products/labels-stickers.html","content-site/fr/products/labels-stickers.html","locale_mirror","public","Étiquettes et autocollants | MOQ 500 PCS | BestPackFactory","Étiquettes et autocollants","1","Étiquettes et autocollants sur mesure dès 500 pièces : matériau, impression et finition personnalisés.","https://www.bestpackfactory.com/fr/products/labels-stickers.html","","0","Answer|Brand|BreadcrumbList|FAQPage|ListItem|Offer|Organization|Product|PropertyValue|Question","","34","yes"
"/fr/products/luxury-magnetic-boxes.html","https://www.bestpackfactory.com/fr/products/luxury-magnetic-boxes.html","content-site/fr/products/luxury-magnetic-boxes.html","locale_mirror","public","Boîtes cadeaux magnétiques personnalisées | MOQ 500","Boîtes cadeaux magnétiques personnalisées","1","Boîtes cadeaux magnétiques sur mesure, rigides ou pliables, finitions de marque et calages ajustés. MOQ 500 pièces. Devis usine rapide sur spécifications.","https://www.bestpackfactory.com/fr/products/luxury-magnetic-boxes.html","","0","Answer|Brand|BreadcrumbList|FAQPage|ListItem|Offer|Product|PropertyValue|Question|WebPage","","40","yes"
"/fr/products/paper-bags.html","https://www.bestpackfactory.com/fr/products/paper-bags.html","content-site/fr/products/paper-bags.html","locale_mirror","public","Fabricant de sacs en papier personnalisés | MOQ 500","Sacs en papier imprimés personnalisés","1","Sacs en papier imprimés personnalisés pour retail, cadeaux et à emporter : kraft ou papier couché, anses variées, finitions de marque. MOQ 500 pièces.","https://www.bestpackfactory.com/fr/products/paper-bags.html","","0","Answer|Brand|BreadcrumbList|FAQPage|ListItem|Offer|Product|PropertyValue|Question|WebPage","","42","yes"
"/fr/products/pet-food-bags.html","https://www.bestpackfactory.com/fr/products/pet-food-bags.html","content-site/fr/products/pet-food-bags.html","locale_mirror","public","Sachets pour aliments pour animaux | MOQ 500 PCS","Sachets pour aliments pour animaux","1","Sachets pour animaux personnalisés dès 500 pièces : taille, matériau, impression et finition sur mesure.","https://www.bestpackfactory.com/fr/products/pet-food-bags.html","","0","Answer|Brand|BreadcrumbList|FAQPage|ListItem|Offer|Organization|PriceSpecification|Product|PropertyValue|Question","","34","yes"
"/fr/products/pharma-packaging.html","https://www.bestpackfactory.com/fr/products/pharma-packaging.html","content-site/fr/products/pharma-packaging.html","locale_mirror","public","Emballage pharmaceutique | MOQ 500 PCS | BestPackFactory","Emballage pharmaceutique","1","Emballage pharmaceutique personnalisé dès 500 pièces : taille, matériau, impression et finition à façon.","https://www.bestpackfactory.com/fr/products/pharma-packaging.html","","0","Answer|Brand|BreadcrumbList|FAQPage|ListItem|Offer|Organization|PriceSpecification|Product|PropertyValue|Question","","34","yes"
"/fr/products/pharmaceutical-folding-cartons.html","https://www.bestpackfactory.com/fr/products/pharmaceutical-folding-cartons.html","content-site/fr/products/pharmaceutical-folding-cartons.html","locale_mirror","public","Étuis pliants pharmaceutiques | MOQ 500 PCS","Étuis pliants pharmaceutiques","1","Étuis pliants pharma sur mesure dès 500 pièces : taille, matériau, impression et finition à façon. Échantillonnage, contrôle qualité, expédition mondiale.","https://www.bestpackfactory.com/fr/products/pharmaceutical-folding-cartons.html","","0","Answer|Brand|BreadcrumbList|FAQPage|ListItem|Offer|Organization|Product|PropertyValue|QuantitativeValue|Question","","34","yes"
"/fr/products/pizza-packaging-boxes.html","https://www.bestpackfactory.com/fr/products/pizza-packaging-boxes.html","content-site/fr/products/pizza-packaging-boxes.html","locale_mirror","public","Boîtes à pizza | MOQ 500 PCS | BestPackFactory","Boîtes à pizza","1","Boîtes à pizza personnalisées dès 500 pièces : taille, matériau, impression et finition sur mesure.","https://www.bestpackfactory.com/fr/products/pizza-packaging-boxes.html","","0","Answer|Brand|BreadcrumbList|FAQPage|ListItem|Offer|Organization|PriceSpecification|Product|PropertyValue|Question","","34","yes"
"/fr/products/tin-boxes.html","https://www.bestpackfactory.com/fr/products/tin-boxes.html","content-site/fr/products/tin-boxes.html","locale_mirror","public","Boîtes en fer blanc | MOQ 500 PCS | BestPackFactory","Boîtes en fer blanc","1","Boîtes en fer blanc personnalisées dès 500 pièces : taille, matériau, impression et finition à façon.","https://www.bestpackfactory.com/fr/products/tin-boxes.html","","0","Answer|Brand|BreadcrumbList|FAQPage|ListItem|Offer|Organization|Product|PropertyValue|Question","","34","yes"
"/fr/products/wine-magnetic-gift-boxes.html","https://www.bestpackfactory.com/fr/products/wine-magnetic-gift-boxes.html","content-site/fr/products/wine-magnetic-gift-boxes.html","locale_mirror","public","Boîtes à vin magnétiques sur mesure | MOQ 500","Boîtes à vin magnétiques sur mesure","1","Boîtes à vin magnétiques sur mesure dès 500 pièces : taille, matériau, impression et finition à façon.","https://www.bestpackfactory.com/fr/products/wine-magnetic-gift-boxes.html","","0","Answer|Brand|BreadcrumbList|FAQPage|ListItem|Offer|Organization|Product|PropertyValue|QuantitativeValue|Question","","34","yes"
"/industries.html","https://www.bestpackfactory.com/industries.html","content-site/industries.html","category_hub","public","Custom Packaging by Industry | Buyer Guide | BestPackFactory","Custom Packaging by Industry","1","Buyer-focused industry packaging guides for food, coffee, pet food, cosmetic, pharma, cannabis, gift, apparel and e-commerce packaging.","https://www.bestpackfactory.com/industries.html","index, follow, max-image-preview:large, max-snippet:-1, max-video-preview:-1","0","BreadcrumbList|ImageObject|ListItem|Organization|WebPage","","57","yes"
"/industries/apparel-packaging.html","https://www.bestpackfactory.com/industries/apparel-packaging.html","content-site/industries/apparel-packaging.html","industry","public","Apparel & Retail Packaging Solutions | B2B Packaging Guide","Apparel & Retail Packaging Solutions","1","Retail paper bags, tissue paper, custom tape, labels and branded packaging accessories for fashion and ecommerce.","https://www.bestpackfactory.com/industries/apparel-packaging.html","index, follow, max-image-preview:large, max-snippet:-1, max-video-preview:-1","0","BreadcrumbList|ImageObject|ListItem|Organization|WebPage","","39","yes"
"/industries/cannabis-packaging.html","https://www.bestpackfactory.com/industries/cannabis-packaging.html","content-site/industries/cannabis-packaging.html","industry","public","Cannabis Packaging Solutions | B2B Packaging Guide","Cannabis Packaging Solutions","1","Smell-proof Mylar bags, child-resistant cannabis pouches, CBD gummies bags and pre-roll boxes for compliant brands.","https://www.bestpackfactory.com/industries/cannabis-packaging.html","index, follow, max-image-preview:large, max-snippet:-1, max-video-preview:-1","0","BreadcrumbList|ImageObject|ListItem|Organization|WebPage","","39","yes"
"/industries/coffee-packaging-supplier.html","https://www.bestpackfactory.com/industries/coffee-packaging-supplier.html","content-site/industries/coffee-packaging-supplier.html","industry","public","Coffee Packaging Supplier | Custom Coffee Bags MOQ 500 PCS","Custom Coffee Packaging Supplier","1","Custom coffee packaging supplier for valve bags, flat bottom bags, kraft bags and printed pouches. MOQ 500 PCS factory quote.","https://www.bestpackfactory.com/industries/coffee-packaging-supplier.html","","0","Answer|BreadcrumbList|FAQPage|ListItem|Offer|Organization|PriceSpecification|Question|Service|Thing|WebPage|WebSite","","34","yes"
"/industries/coffee-packaging-supplier/questions/250g-vs-500g-coffee-bag-size.html","https://www.bestpackfactory.com/industries/coffee-packaging-supplier/questions/250g-vs-500g-coffee-bag-size.html","content-site/industries/coffee-packaging-supplier/questions/250g-vs-500g-coffee-bag-size.html","buyer_answer","public","How do buyers choose 250g vs 500g coffee bag size?","How do buyers choose 250g vs 500g coffee bag size?","1","How do buyers choose 250g vs 500g coffee bag size? B2B procurement answer for custom coffee bags: MOQ, materials, samples, QC, RFQ details and related.","https://www.bestpackfactory.com/industries/coffee-packaging-supplier/questions/250g-vs-500g-coffee-bag-size.html","","0","BreadcrumbList|ListItem|Thing|WebPage|WebSite","","30","yes"
"/industries/coffee-packaging-supplier/questions/buyer-questions.html","https://www.bestpackfactory.com/industries/coffee-packaging-supplier/questions/buyer-questions.html","content-site/industries/coffee-packaging-supplier/questions/buyer-questions.html","buyer_answer","public","Coffee Packaging Supplier Buyer Questions","Coffee Packaging Supplier Buyer Questions","1","Procurement question hub for coffee packaging buyers with 20 RFQ-focused answers, product links, sample checks and MOQ 500 PCS factory quote guidance.","https://www.bestpackfactory.com/industries/coffee-packaging-supplier/questions/buyer-questions.html","","0","BreadcrumbList|ItemList|ListItem","","64","yes"
"/industries/coffee-packaging-supplier/questions/coffee-bag-artwork-dieline-checklist.html","https://www.bestpackfactory.com/industries/coffee-packaging-supplier/questions/coffee-bag-artwork-dieline-checklist.html","content-site/industries/coffee-packaging-supplier/questions/coffee-bag-artwork-dieline-checklist.html","buyer_answer","public","What should be checked on a coffee bag dieline?","What should be checked on a coffee bag dieline?","1","What should be checked on a coffee bag dieline? B2B procurement answer for custom coffee bags: MOQ, materials, samples, QC, RFQ details and related.","https://www.bestpackfactory.com/industries/coffee-packaging-supplier/questions/coffee-bag-artwork-dieline-checklist.html","","0","BreadcrumbList|ListItem|Thing|WebPage|WebSite","","30","yes"
"/industries/coffee-packaging-supplier/questions/coffee-bag-barrier-otr-wvtr.html","https://www.bestpackfactory.com/industries/coffee-packaging-supplier/questions/coffee-bag-barrier-otr-wvtr.html","content-site/industries/coffee-packaging-supplier/questions/coffee-bag-barrier-otr-wvtr.html","buyer_answer","public","What OTR and WVTR targets matter for coffee bags?","What OTR and WVTR targets matter for coffee bags?","1","What OTR and WVTR targets matter for coffee bags? B2B procurement answer for custom coffee bags: MOQ, materials, samples, QC, RFQ details and related.","https://www.bestpackfactory.com/industries/coffee-packaging-supplier/questions/coffee-bag-barrier-otr-wvtr.html","","0","BreadcrumbList|ListItem|Thing|WebPage|WebSite","","30","yes"
"/industries/coffee-packaging-supplier/questions/coffee-bag-pantone-color-match.html","https://www.bestpackfactory.com/industries/coffee-packaging-supplier/questions/coffee-bag-pantone-color-match.html","content-site/industries/coffee-packaging-supplier/questions/coffee-bag-pantone-color-match.html","buyer_answer","public","Can custom coffee bags match Pantone colors?","Can custom coffee bags match Pantone colors?","1","Can custom coffee bags match Pantone colors? B2B procurement answer for custom coffee bags: MOQ, materials, samples, QC, RFQ details and related product.","https://www.bestpackfactory.com/industries/coffee-packaging-supplier/questions/coffee-bag-pantone-color-match.html","","0","BreadcrumbList|ListItem|Thing|WebPage|WebSite","","30","yes"
"/industries/coffee-packaging-supplier/questions/coffee-bag-printing-gravure-vs-digital.html","https://www.bestpackfactory.com/industries/coffee-packaging-supplier/questions/coffee-bag-printing-gravure-vs-digital.html","content-site/industries/coffee-packaging-supplier/questions/coffee-bag-printing-gravure-vs-digital.html","buyer_answer","public","Should coffee bags use gravure or digital printing?","Should coffee bags use gravure or digital printing?","1","Should coffee bags use gravure or digital printing? B2B procurement answer for custom coffee bags: MOQ, materials, samples, QC, RFQ details and related.","https://www.bestpackfactory.com/industries/coffee-packaging-supplier/questions/coffee-bag-printing-gravure-vs-digital.html","","0","BreadcrumbList|ListItem|Thing|WebPage|WebSite","","30","yes"
"/industries/coffee-packaging-supplier/questions/coffee-bag-sample-approval.html","https://www.bestpackfactory.com/industries/coffee-packaging-supplier/questions/coffee-bag-sample-approval.html","content-site/industries/coffee-packaging-supplier/questions/coffee-bag-sample-approval.html","buyer_answer","public","What should buyers approve on a coffee bag sample?","What should buyers approve on a coffee bag sample?","1","What should buyers approve on a coffee bag sample? B2B procurement answer for custom coffee bags: MOQ, materials, samples, QC, RFQ details and related.","https://www.bestpackfactory.com/industries/coffee-packaging-supplier/questions/coffee-bag-sample-approval.html","","0","BreadcrumbList|ListItem|Thing|WebPage|WebSite","","30","yes"
"/industries/coffee-packaging-supplier/questions/coffee-bag-shelf-life-material.html","https://www.bestpackfactory.com/industries/coffee-packaging-supplier/questions/coffee-bag-shelf-life-material.html","content-site/industries/coffee-packaging-supplier/questions/coffee-bag-shelf-life-material.html","buyer_answer","public","How does material affect coffee shelf life?","How does material affect coffee shelf life?","1","How does material affect coffee shelf life? B2B procurement answer for custom coffee bags: MOQ, materials, samples, QC, RFQ details and related product.","https://www.bestpackfactory.com/industries/coffee-packaging-supplier/questions/coffee-bag-shelf-life-material.html","","0","BreadcrumbList|ListItem|Thing|WebPage|WebSite","","30","yes"
"/industries/coffee-packaging-supplier/questions/coffee-bag-shipping-ddp-fob.html","https://www.bestpackfactory.com/industries/coffee-packaging-supplier/questions/coffee-bag-shipping-ddp-fob.html","content-site/industries/coffee-packaging-supplier/questions/coffee-bag-shipping-ddp-fob.html","buyer_answer","public","How should buyers ship custom coffee bags from China?","How should buyers ship custom coffee bags from China?","1","How should buyers ship custom coffee bags from China? B2B procurement answer for custom coffee bags: MOQ, materials, samples, QC, RFQ details and related.","https://www.bestpackfactory.com/industries/coffee-packaging-supplier/questions/coffee-bag-shipping-ddp-fob.html","","0","BreadcrumbList|ListItem|Thing|WebPage|WebSite","","30","yes"
"/industries/coffee-packaging-supplier/questions/coffee-bag-valve-placement.html","https://www.bestpackfactory.com/industries/coffee-packaging-supplier/questions/coffee-bag-valve-placement.html","content-site/industries/coffee-packaging-supplier/questions/coffee-bag-valve-placement.html","buyer_answer","public","Where should the one-way degassing valve go on a coffee bag?","Where should the one-way degassing valve go on a coffee bag?","1","Where should the one-way degassing valve go on a coffee bag? B2B procurement answer for custom coffee bags: MOQ, materials, samples, QC, RFQ details and.","https://www.bestpackfactory.com/industries/coffee-packaging-supplier/questions/coffee-bag-valve-placement.html","","0","BreadcrumbList|ListItem|Thing|WebPage|WebSite","","30","yes"
"/industries/coffee-packaging-supplier/questions/coffee-bag-valve-without-zipper.html","https://www.bestpackfactory.com/industries/coffee-packaging-supplier/questions/coffee-bag-valve-without-zipper.html","content-site/industries/coffee-packaging-supplier/questions/coffee-bag-valve-without-zipper.html","buyer_answer","public","Can coffee bags use a valve without a zipper?","Can coffee bags use a valve without a zipper?","1","Can coffee bags use a valve without a zipper? B2B procurement answer for custom coffee bags: MOQ, materials, samples, QC, RFQ details and related product.","https://www.bestpackfactory.com/industries/coffee-packaging-supplier/questions/coffee-bag-valve-without-zipper.html","","0","BreadcrumbList|ListItem|Thing|WebPage|WebSite","","30","yes"
"/industries/coffee-packaging-supplier/questions/coffee-copacker-filling-requirements.html","https://www.bestpackfactory.com/industries/coffee-packaging-supplier/questions/coffee-copacker-filling-requirements.html","content-site/industries/coffee-packaging-supplier/questions/coffee-copacker-filling-requirements.html","buyer_answer","public","What filling details should coffee co-packers confirm?","What filling details should coffee co-packers confirm?","1","What filling details should coffee co-packers confirm? B2B procurement answer for custom coffee bags: MOQ, materials, samples, QC, RFQ details and.","https://www.bestpackfactory.com/industries/coffee-packaging-supplier/questions/coffee-copacker-filling-requirements.html","","0","BreadcrumbList|ListItem|Thing|WebPage|WebSite","","30","yes"
"/industries/coffee-packaging-supplier/questions/coffee-label-vs-preprinted-pouch.html","https://www.bestpackfactory.com/industries/coffee-packaging-supplier/questions/coffee-label-vs-preprinted-pouch.html","content-site/industries/coffee-packaging-supplier/questions/coffee-label-vs-preprinted-pouch.html","buyer_answer","public","Should coffee brands use labels or preprinted pouches?","Should coffee brands use labels or preprinted pouches?","1","Should coffee brands use labels or preprinted pouches? B2B procurement answer for custom coffee bags: MOQ, materials, samples, QC, RFQ details and.","https://www.bestpackfactory.com/industries/coffee-packaging-supplier/questions/coffee-label-vs-preprinted-pouch.html","","0","BreadcrumbList|ListItem|Thing|WebPage|WebSite","","30","yes"
"/industries/coffee-packaging-supplier/questions/coffee-subscription-packaging.html","https://www.bestpackfactory.com/industries/coffee-packaging-supplier/questions/coffee-subscription-packaging.html","content-site/industries/coffee-packaging-supplier/questions/coffee-subscription-packaging.html","buyer_answer","public","What packaging works for coffee subscription brands?","What packaging works for coffee subscription brands?","1","What packaging works for coffee subscription brands? B2B procurement answer for custom coffee bags: MOQ, materials, samples, QC, RFQ details and related.","https://www.bestpackfactory.com/industries/coffee-packaging-supplier/questions/coffee-subscription-packaging.html","","0","BreadcrumbList|ListItem|Thing|WebPage|WebSite","","30","yes"
"/industries/coffee-packaging-supplier/questions/compostable-coffee-bag-tradeoffs.html","https://www.bestpackfactory.com/industries/coffee-packaging-supplier/questions/compostable-coffee-bag-tradeoffs.html","content-site/industries/coffee-packaging-supplier/questions/compostable-coffee-bag-tradeoffs.html","buyer_answer","public","Are compostable coffee bags right for roasted coffee?","Are compostable coffee bags right for roasted coffee?","1","Are compostable coffee bags right for roasted coffee? B2B procurement answer for custom coffee bags: MOQ, materials, samples, QC, RFQ details and related.","https://www.bestpackfactory.com/industries/coffee-packaging-supplier/questions/compostable-coffee-bag-tradeoffs.html","","0","BreadcrumbList|ListItem|Thing|WebPage|WebSite","","30","yes"
"/industries/coffee-packaging-supplier/questions/custom-coffee-bag-moq-500.html","https://www.bestpackfactory.com/industries/coffee-packaging-supplier/questions/custom-coffee-bag-moq-500.html","content-site/industries/coffee-packaging-supplier/questions/custom-coffee-bag-moq-500.html","buyer_answer","public","What is the MOQ for custom coffee bags?","What is the MOQ for custom coffee bags?","1","What is the MOQ for custom coffee bags? B2B procurement answer for custom coffee bags: MOQ, materials, samples, QC, RFQ details and related product links.","https://www.bestpackfactory.com/industries/coffee-packaging-supplier/questions/custom-coffee-bag-moq-500.html","","0","BreadcrumbList|ListItem|Thing|WebPage|WebSite","","30","yes"
"/industries/coffee-packaging-supplier/questions/flat-bottom-vs-side-gusset-coffee-bags.html","https://www.bestpackfactory.com/industries/coffee-packaging-supplier/questions/flat-bottom-vs-side-gusset-coffee-bags.html","content-site/industries/coffee-packaging-supplier/questions/flat-bottom-vs-side-gusset-coffee-bags.html","buyer_answer","public","Should coffee brands choose flat bottom or side gusset bags?","Should coffee brands choose flat bottom or side gusset bags?","1","Should coffee brands choose flat bottom or side gusset bags? B2B procurement answer for custom coffee bags: MOQ, materials, samples, QC, RFQ details and.","https://www.bestpackfactory.com/industries/coffee-packaging-supplier/questions/flat-bottom-vs-side-gusset-coffee-bags.html","","0","BreadcrumbList|ListItem|Thing|WebPage|WebSite","","30","yes"
"/industries/coffee-packaging-supplier/questions/kraft-vs-foil-coffee-bag-material.html","https://www.bestpackfactory.com/industries/coffee-packaging-supplier/questions/kraft-vs-foil-coffee-bag-material.html","content-site/industries/coffee-packaging-supplier/questions/kraft-vs-foil-coffee-bag-material.html","buyer_answer","public","Is kraft paper or foil better for coffee bags?","Is kraft paper or foil better for coffee bags?","1","Is kraft paper or foil better for coffee bags? B2B procurement answer for custom coffee bags: MOQ, materials, samples, QC, RFQ details and related.","https://www.bestpackfactory.com/industries/coffee-packaging-supplier/questions/kraft-vs-foil-coffee-bag-material.html","","0","BreadcrumbList|ListItem|Thing|WebPage|WebSite","","30","yes"
"/industries/coffee-packaging-supplier/questions/matte-black-coffee-bag-cost.html","https://www.bestpackfactory.com/industries/coffee-packaging-supplier/questions/matte-black-coffee-bag-cost.html","content-site/industries/coffee-packaging-supplier/questions/matte-black-coffee-bag-cost.html","buyer_answer","public","What affects matte black coffee bag cost?","What affects matte black coffee bag cost?","1","What affects matte black coffee bag cost? B2B procurement answer for custom coffee bags: MOQ, materials, samples, QC, RFQ details and related product.","https://www.bestpackfactory.com/industries/coffee-packaging-supplier/questions/matte-black-coffee-bag-cost.html","","0","BreadcrumbList|ListItem|Thing|WebPage|WebSite","","30","yes"
"/industries/coffee-packaging-supplier/questions/private-label-coffee-bag-rfq.html","https://www.bestpackfactory.com/industries/coffee-packaging-supplier/questions/private-label-coffee-bag-rfq.html","content-site/industries/coffee-packaging-supplier/questions/private-label-coffee-bag-rfq.html","buyer_answer","public","What should private label coffee brands send in an RFQ?","What should private label coffee brands send in an RFQ?","1","What should private label coffee brands send in an RFQ? B2B procurement answer for custom coffee bags: MOQ, materials, samples, QC, RFQ details and.","https://www.bestpackfactory.com/industries/coffee-packaging-supplier/questions/private-label-coffee-bag-rfq.html","","0","BreadcrumbList|ListItem|Thing|WebPage|WebSite","","30","yes"
"/industries/coffee-packaging-supplier/questions/zipper-or-tin-tie-coffee-bags.html","https://www.bestpackfactory.com/industries/coffee-packaging-supplier/questions/zipper-or-tin-tie-coffee-bags.html","content-site/industries/coffee-packaging-supplier/questions/zipper-or-tin-tie-coffee-bags.html","buyer_answer","public","Should coffee bags use zipper or tin tie closure?","Should coffee bags use zipper or tin tie closure?","1","Should coffee bags use zipper or tin tie closure? B2B procurement answer for custom coffee bags: MOQ, materials, samples, QC, RFQ details and related.","https://www.bestpackfactory.com/industries/coffee-packaging-supplier/questions/zipper-or-tin-tie-coffee-bags.html","","0","BreadcrumbList|ListItem|Thing|WebPage|WebSite","","30","yes"
"/industries/coffee-packaging.html","https://www.bestpackfactory.com/industries/coffee-packaging.html","content-site/industries/coffee-packaging.html","industry","public","Coffee Packaging Solutions | B2B Packaging Guide","Coffee Packaging Solutions","1","Valve coffee bags, flat bottom coffee pouches, kraft paper coffee bags and high-barrier coffee packaging for roasters.","https://www.bestpackfactory.com/industries/coffee-packaging.html","index, follow, max-image-preview:large, max-snippet:-1, max-video-preview:-1","0","BreadcrumbList|ImageObject|ListItem|Organization|WebPage","","39","yes"
"/industries/cosmetic-packaging-manufacturer.html","https://www.bestpackfactory.com/industries/cosmetic-packaging-manufacturer.html","content-site/industries/cosmetic-packaging-manufacturer.html","industry","public","Cosmetic Packaging Manufacturer | Custom Boxes MOQ 500 PCS","Custom Cosmetic Packaging Manufacturer","1","Custom cosmetic packaging manufacturer for skincare boxes, beauty kits, labels, rigid boxes and retail packaging. MOQ 500 PCS.","https://www.bestpackfactory.com/industries/cosmetic-packaging-manufacturer.html","","0","Answer|BreadcrumbList|FAQPage|ListItem|Offer|Organization|PriceSpecification|Question|Service|Thing|WebPage|WebSite","","35","yes"
"/industries/cosmetic-packaging.html","https://www.bestpackfactory.com/industries/cosmetic-packaging.html","content-site/industries/cosmetic-packaging.html","industry","public","Cosmetic Packaging Solutions | B2B Packaging Guide","Cosmetic Packaging Solutions","1","Cosmetic boxes, skincare packaging, premium rigid boxes, labels and paper bags for beauty brands.","https://www.bestpackfactory.com/industries/cosmetic-packaging.html","index, follow, max-image-preview:large, max-snippet:-1, max-video-preview:-1","0","BreadcrumbList|ImageObject|ListItem|Organization|WebPage","","39","yes"
"/industries/ecommerce-packaging.html","https://www.bestpackfactory.com/industries/ecommerce-packaging.html","content-site/industries/ecommerce-packaging.html","industry","public","E-commerce & Shipping Packaging | BestPackFactory","E-commerce & Shipping Packaging","1","E-commerce packaging: mailer boxes, shipping cartons, custom tape, bubble mailers. MOQ 500 PCS, brand-unboxing support.","https://www.bestpackfactory.com/industries/ecommerce-packaging.html","index, follow","7","Answer|Article|BreadcrumbList|FAQPage|ListItem|Organization|Person|Question","","14","yes"
"/industries/food-packaging-manufacturer.html","https://www.bestpackfactory.com/industries/food-packaging-manufacturer.html","content-site/industries/food-packaging-manufacturer.html","industry","public","Food Packaging Manufacturer | Custom Printed MOQ 500 PCS","Custom Food Packaging Manufacturer","1","Food packaging manufacturer for custom boxes, bags, cups, bowls, burger boxes, pizza boxes and takeaway packaging. MOQ 500 PCS.","https://www.bestpackfactory.com/industries/food-packaging-manufacturer.html","","0","Answer|BreadcrumbList|FAQPage|ListItem|Offer|Organization|PriceSpecification|Question|Service|Thing|WebPage|WebSite","","35","yes"
"/industries/food-packaging-manufacturer/questions/bakery-paper-bag-material.html","https://www.bestpackfactory.com/industries/food-packaging-manufacturer/questions/bakery-paper-bag-material.html","content-site/industries/food-packaging-manufacturer/questions/bakery-paper-bag-material.html","buyer_answer","public","What paper bag material works for bakery packaging?","What paper bag material works for bakery packaging?","1","What paper bag material works for bakery packaging? B2B procurement answer for custom food packaging: MOQ, materials, samples, QC, RFQ details and.","https://www.bestpackfactory.com/industries/food-packaging-manufacturer/questions/bakery-paper-bag-material.html","","0","BreadcrumbList|ListItem|Thing|WebPage|WebSite","","29","yes"
"/industries/food-packaging-manufacturer/questions/buyer-questions.html","https://www.bestpackfactory.com/industries/food-packaging-manufacturer/questions/buyer-questions.html","content-site/industries/food-packaging-manufacturer/questions/buyer-questions.html","buyer_answer","public","Food-safe Packaging Buyer Questions","Food-safe Packaging Buyer Questions","1","Procurement question hub for food-safe packaging buyers with 20 RFQ-focused answers, product links, sample checks and MOQ 500 PCS factory quote guidance.","https://www.bestpackfactory.com/industries/food-packaging-manufacturer/questions/buyer-questions.html","","0","BreadcrumbList|ItemList|ListItem","","63","yes"
"/industries/food-packaging-manufacturer/questions/choose-food-safe-packaging-material.html","https://www.bestpackfactory.com/industries/food-packaging-manufacturer/questions/choose-food-safe-packaging-material.html","content-site/industries/food-packaging-manufacturer/questions/choose-food-safe-packaging-material.html","buyer_answer","public","How do buyers choose food-safe packaging material?","How do buyers choose food-safe packaging material?","1","How do buyers choose food-safe packaging material? B2B procurement answer for custom food packaging: MOQ, materials, samples, QC, RFQ details and related.","https://www.bestpackfactory.com/industries/food-packaging-manufacturer/questions/choose-food-safe-packaging-material.html","","0","BreadcrumbList|ListItem|Thing|WebPage|WebSite","","29","yes"
"/industries/food-packaging-manufacturer/questions/compostable-food-packaging-claims.html","https://www.bestpackfactory.com/industries/food-packaging-manufacturer/questions/compostable-food-packaging-claims.html","content-site/industries/food-packaging-manufacturer/questions/compostable-food-packaging-claims.html","buyer_answer","public","Can food packaging claim compostable?","Can food packaging claim compostable?","1","Can food packaging claim compostable? B2B procurement answer for custom food packaging: MOQ, materials, samples, QC, RFQ details and related product links.","https://www.bestpackfactory.com/industries/food-packaging-manufacturer/questions/compostable-food-packaging-claims.html","","0","BreadcrumbList|ListItem|Thing|WebPage|WebSite","","29","yes"
"/industries/food-packaging-manufacturer/questions/food-box-carton-packing.html","https://www.bestpackfactory.com/industries/food-packaging-manufacturer/questions/food-box-carton-packing.html","content-site/industries/food-packaging-manufacturer/questions/food-box-carton-packing.html","buyer_answer","public","How should food boxes be packed for export?","How should food boxes be packed for export?","1","How should food boxes be packed for export? B2B procurement answer for custom food packaging: MOQ, materials, samples, QC, RFQ details and related.","https://www.bestpackfactory.com/industries/food-packaging-manufacturer/questions/food-box-carton-packing.html","","0","BreadcrumbList|ListItem|Thing|WebPage|WebSite","","29","yes"
"/industries/food-packaging-manufacturer/questions/food-packaging-export-documents.html","https://www.bestpackfactory.com/industries/food-packaging-manufacturer/questions/food-packaging-export-documents.html","content-site/industries/food-packaging-manufacturer/questions/food-packaging-export-documents.html","buyer_answer","public","What documents may food packaging buyers request?","What documents may food packaging buyers request?","1","What documents may food packaging buyers request? B2B procurement answer for custom food packaging: MOQ, materials, samples, QC, RFQ details and related.","https://www.bestpackfactory.com/industries/food-packaging-manufacturer/questions/food-packaging-export-documents.html","","0","BreadcrumbList|ListItem|Thing|WebPage|WebSite","","29","yes"
"/industries/food-packaging-manufacturer/questions/food-packaging-ink-safety.html","https://www.bestpackfactory.com/industries/food-packaging-manufacturer/questions/food-packaging-ink-safety.html","content-site/industries/food-packaging-manufacturer/questions/food-packaging-ink-safety.html","buyer_answer","public","What should buyers know about ink on food packaging?","What should buyers know about ink on food packaging?","1","What should buyers know about ink on food packaging? B2B procurement answer for custom food packaging: MOQ, materials, samples, QC, RFQ details and.","https://www.bestpackfactory.com/industries/food-packaging-manufacturer/questions/food-packaging-ink-safety.html","","0","BreadcrumbList|ListItem|Thing|WebPage|WebSite","","29","yes"
"/industries/food-packaging-manufacturer/questions/food-packaging-rfq-template.html","https://www.bestpackfactory.com/industries/food-packaging-manufacturer/questions/food-packaging-rfq-template.html","content-site/industries/food-packaging-manufacturer/questions/food-packaging-rfq-template.html","buyer_answer","public","What should a food packaging RFQ include?","What should a food packaging RFQ include?","1","What should a food packaging RFQ include? B2B procurement answer for custom food packaging: MOQ, materials, samples, QC, RFQ details and related product.","https://www.bestpackfactory.com/industries/food-packaging-manufacturer/questions/food-packaging-rfq-template.html","","0","BreadcrumbList|ListItem|Thing|WebPage|WebSite","","29","yes"
"/industries/food-packaging-manufacturer/questions/food-packaging-sample-testing.html","https://www.bestpackfactory.com/industries/food-packaging-manufacturer/questions/food-packaging-sample-testing.html","content-site/industries/food-packaging-manufacturer/questions/food-packaging-sample-testing.html","buyer_answer","public","What should buyers test on food packaging samples?","What should buyers test on food packaging samples?","1","What should buyers test on food packaging samples? B2B procurement answer for custom food packaging: MOQ, materials, samples, QC, RFQ details and related.","https://www.bestpackfactory.com/industries/food-packaging-manufacturer/questions/food-packaging-sample-testing.html","","0","BreadcrumbList|ListItem|Thing|WebPage|WebSite","","29","yes"
"/industries/food-packaging-manufacturer/questions/food-pouch-seal-strength.html","https://www.bestpackfactory.com/industries/food-packaging-manufacturer/questions/food-pouch-seal-strength.html","content-site/industries/food-packaging-manufacturer/questions/food-pouch-seal-strength.html","buyer_answer","public","How much seal strength do food pouches need?","How much seal strength do food pouches need?","1","How much seal strength do food pouches need? B2B procurement answer for custom food packaging: MOQ, materials, samples, QC, RFQ details and related.","https://www.bestpackfactory.com/industries/food-packaging-manufacturer/questions/food-pouch-seal-strength.html","","0","BreadcrumbList|ListItem|Thing|WebPage|WebSite","","29","yes"
"/industries/food-packaging-manufacturer/questions/food-safe-paperboard-gsm.html","https://www.bestpackfactory.com/industries/food-packaging-manufacturer/questions/food-safe-paperboard-gsm.html","content-site/industries/food-packaging-manufacturer/questions/food-safe-paperboard-gsm.html","buyer_answer","public","What GSM is right for food-safe paperboard boxes?","What GSM is right for food-safe paperboard boxes?","1","What GSM is right for food-safe paperboard boxes? B2B procurement answer for custom food packaging: MOQ, materials, samples, QC, RFQ details and related.","https://www.bestpackfactory.com/industries/food-packaging-manufacturer/questions/food-safe-paperboard-gsm.html","","0","BreadcrumbList|ListItem|Thing|WebPage|WebSite","","29","yes"
"/industries/food-packaging-manufacturer/questions/frozen-food-pouch-material.html","https://www.bestpackfactory.com/industries/food-packaging-manufacturer/questions/frozen-food-pouch-material.html","content-site/industries/food-packaging-manufacturer/questions/frozen-food-pouch-material.html","buyer_answer","public","What material works for frozen food pouches?","What material works for frozen food pouches?","1","What material works for frozen food pouches? B2B procurement answer for custom food packaging: MOQ, materials, samples, QC, RFQ details and related.","https://www.bestpackfactory.com/industries/food-packaging-manufacturer/questions/frozen-food-pouch-material.html","","0","BreadcrumbList|ListItem|Thing|WebPage|WebSite","","29","yes"
"/industries/food-packaging-manufacturer/questions/grease-resistant-burger-boxes.html","https://www.bestpackfactory.com/industries/food-packaging-manufacturer/questions/grease-resistant-burger-boxes.html","content-site/industries/food-packaging-manufacturer/questions/grease-resistant-burger-boxes.html","buyer_answer","public","What material works for grease-resistant burger boxes?","What material works for grease-resistant burger boxes?","1","What material works for grease-resistant burger boxes? B2B procurement answer for custom food packaging: MOQ, materials, samples, QC, RFQ details and.","https://www.bestpackfactory.com/industries/food-packaging-manufacturer/questions/grease-resistant-burger-boxes.html","","0","BreadcrumbList|ListItem|Thing|WebPage|WebSite","","29","yes"
"/industries/food-packaging-manufacturer/questions/hot-food-packaging-heat-resistance.html","https://www.bestpackfactory.com/industries/food-packaging-manufacturer/questions/hot-food-packaging-heat-resistance.html","content-site/industries/food-packaging-manufacturer/questions/hot-food-packaging-heat-resistance.html","buyer_answer","public","What heat resistance should hot food packaging have?","What heat resistance should hot food packaging have?","1","What heat resistance should hot food packaging have? B2B procurement answer for custom food packaging: MOQ, materials, samples, QC, RFQ details and.","https://www.bestpackfactory.com/industries/food-packaging-manufacturer/questions/hot-food-packaging-heat-resistance.html","","0","BreadcrumbList|ListItem|Thing|WebPage|WebSite","","29","yes"
"/industries/food-packaging-manufacturer/questions/kraft-food-bag-direct-contact.html","https://www.bestpackfactory.com/industries/food-packaging-manufacturer/questions/kraft-food-bag-direct-contact.html","content-site/industries/food-packaging-manufacturer/questions/kraft-food-bag-direct-contact.html","buyer_answer","public","Can kraft paper bags touch food directly?","Can kraft paper bags touch food directly?","1","Can kraft paper bags touch food directly? B2B procurement answer for custom food packaging: MOQ, materials, samples, QC, RFQ details and related product.","https://www.bestpackfactory.com/industries/food-packaging-manufacturer/questions/kraft-food-bag-direct-contact.html","","0","BreadcrumbList|ListItem|Thing|WebPage|WebSite","","29","yes"
"/industries/food-packaging-manufacturer/questions/microwave-freezer-food-packaging.html","https://www.bestpackfactory.com/industries/food-packaging-manufacturer/questions/microwave-freezer-food-packaging.html","content-site/industries/food-packaging-manufacturer/questions/microwave-freezer-food-packaging.html","buyer_answer","public","Can one food package be microwave and freezer safe?","Can one food package be microwave and freezer safe?","1","Can one food package be microwave and freezer safe? B2B procurement answer for custom food packaging: MOQ, materials, samples, QC, RFQ details and.","https://www.bestpackfactory.com/industries/food-packaging-manufacturer/questions/microwave-freezer-food-packaging.html","","0","BreadcrumbList|ListItem|Thing|WebPage|WebSite","","29","yes"
"/industries/food-packaging-manufacturer/questions/oil-resistant-fries-boxes.html","https://www.bestpackfactory.com/industries/food-packaging-manufacturer/questions/oil-resistant-fries-boxes.html","content-site/industries/food-packaging-manufacturer/questions/oil-resistant-fries-boxes.html","buyer_answer","public","What coating works for fries boxes?","What coating works for fries boxes?","1","What coating works for fries boxes? B2B procurement answer for custom food packaging: MOQ, materials, samples, QC, RFQ details and related product links.","https://www.bestpackfactory.com/industries/food-packaging-manufacturer/questions/oil-resistant-fries-boxes.html","","0","BreadcrumbList|ListItem|Thing|WebPage|WebSite","","29","yes"
"/industries/food-packaging-manufacturer/questions/pe-vs-pla-vs-water-based-coating.html","https://www.bestpackfactory.com/industries/food-packaging-manufacturer/questions/pe-vs-pla-vs-water-based-coating.html","content-site/industries/food-packaging-manufacturer/questions/pe-vs-pla-vs-water-based-coating.html","buyer_answer","public","Should food packaging use PE, PLA or water-based coating?","Should food packaging use PE, PLA or water-based coating?","1","Should food packaging use PE, PLA or water-based coating? B2B procurement answer for custom food packaging: MOQ, materials, samples, QC, RFQ details and.","https://www.bestpackfactory.com/industries/food-packaging-manufacturer/questions/pe-vs-pla-vs-water-based-coating.html","","0","BreadcrumbList|ListItem|Thing|WebPage|WebSite","","29","yes"
"/industries/food-packaging-manufacturer/questions/sauce-spout-pouch-material.html","https://www.bestpackfactory.com/industries/food-packaging-manufacturer/questions/sauce-spout-pouch-material.html","content-site/industries/food-packaging-manufacturer/questions/sauce-spout-pouch-material.html","buyer_answer","public","What material works for sauce spout pouches?","What material works for sauce spout pouches?","1","What material works for sauce spout pouches? B2B procurement answer for custom food packaging: MOQ, materials, samples, QC, RFQ details and related.","https://www.bestpackfactory.com/industries/food-packaging-manufacturer/questions/sauce-spout-pouch-material.html","","0","BreadcrumbList|ListItem|Thing|WebPage|WebSite","","29","yes"
"/industries/food-packaging-manufacturer/questions/snack-moisture-barrier-packaging.html","https://www.bestpackfactory.com/industries/food-packaging-manufacturer/questions/snack-moisture-barrier-packaging.html","content-site/industries/food-packaging-manufacturer/questions/snack-moisture-barrier-packaging.html","buyer_answer","public","What moisture barrier do snack packages need?","What moisture barrier do snack packages need?","1","What moisture barrier do snack packages need? B2B procurement answer for custom food packaging: MOQ, materials, samples, QC, RFQ details and related.","https://www.bestpackfactory.com/industries/food-packaging-manufacturer/questions/snack-moisture-barrier-packaging.html","","0","BreadcrumbList|ListItem|Thing|WebPage|WebSite","","29","yes"
"/industries/food-packaging-manufacturer/questions/takeaway-packaging-stack-strength.html","https://www.bestpackfactory.com/industries/food-packaging-manufacturer/questions/takeaway-packaging-stack-strength.html","content-site/industries/food-packaging-manufacturer/questions/takeaway-packaging-stack-strength.html","buyer_answer","public","How should takeaway packaging be tested for stacking?","How should takeaway packaging be tested for stacking?","1","How should takeaway packaging be tested for stacking? B2B procurement answer for custom food packaging: MOQ, materials, samples, QC, RFQ details and.","https://www.bestpackfactory.com/industries/food-packaging-manufacturer/questions/takeaway-packaging-stack-strength.html","","0","BreadcrumbList|ListItem|Thing|WebPage|WebSite","","29","yes"
"/industries/food-packaging.html","https://www.bestpackfactory.com/industries/food-packaging.html","content-site/industries/food-packaging.html","industry","public","Food Packaging Solutions | B2B Packaging Guide","Food Packaging Solutions","1","Custom food boxes, grease-resistant paper packaging, retort pouches and roll film for restaurants, snacks and ready meals.","https://www.bestpackfactory.com/industries/food-packaging.html","index, follow, max-image-preview:large, max-snippet:-1, max-video-preview:-1","0","BreadcrumbList|ImageObject|ListItem|Organization|WebPage","","39","yes"
"/industries/gift-packaging.html","https://www.bestpackfactory.com/industries/gift-packaging.html","content-site/industries/gift-packaging.html","industry","public","Gift & Luxury Packaging Solutions | B2B Packaging Guide","Gift & Luxury Packaging Solutions","1","Magnetic rigid boxes, wine gift boxes, paper bags, inserts and premium finishes for high-end gifts.","https://www.bestpackfactory.com/industries/gift-packaging.html","index, follow, max-image-preview:large, max-snippet:-1, max-video-preview:-1","0","BreadcrumbList|ImageObject|ListItem|Organization|WebPage","","39","yes"
"/industries/luxury-gift-packaging-manufacturer.html","https://www.bestpackfactory.com/industries/luxury-gift-packaging-manufacturer.html","content-site/industries/luxury-gift-packaging-manufacturer.html","industry","public","Luxury Gift Packaging Manufacturer | MOQ 500 PCS","Luxury Gift Packaging Manufacturer","1","Luxury gift packaging manufacturer for magnetic rigid boxes, paper bags, inserts, tissue paper and premium finishes. MOQ 500 PCS.","https://www.bestpackfactory.com/industries/luxury-gift-packaging-manufacturer.html","","0","Answer|BreadcrumbList|FAQPage|ListItem|Offer|Organization|PriceSpecification|Question|Service|Thing|WebPage|WebSite","","35","yes"
"/industries/pet-food-packaging-supplier.html","https://www.bestpackfactory.com/industries/pet-food-packaging-supplier.html","content-site/industries/pet-food-packaging-supplier.html","industry","public","Pet Food Packaging Supplier | Custom Bags MOQ 500 PCS","Custom Pet Food Packaging Supplier","1","Custom pet food packaging supplier for dog food bags, cat food pouches and high barrier flat bottom bags. MOQ 500 PCS.","https://www.bestpackfactory.com/industries/pet-food-packaging-supplier.html","","0","Answer|BreadcrumbList|FAQPage|ListItem|Offer|Organization|PriceSpecification|Question|Service|Thing|WebPage|WebSite","","34","yes"
"/industries/pet-food-packaging-supplier/questions/bulk-pet-food-bag-shipping.html","https://www.bestpackfactory.com/industries/pet-food-packaging-supplier/questions/bulk-pet-food-bag-shipping.html","content-site/industries/pet-food-packaging-supplier/questions/bulk-pet-food-bag-shipping.html","buyer_answer","public","How should buyers plan shipping for pet food bags?","How should buyers plan shipping for pet food bags?","1","How should buyers plan shipping for pet food bags? B2B procurement answer for custom pet food bags: MOQ, materials, samples, QC, RFQ details and related.","https://www.bestpackfactory.com/industries/pet-food-packaging-supplier/questions/bulk-pet-food-bag-shipping.html","","0","BreadcrumbList|ListItem|Thing|WebPage|WebSite","","28","yes"
"/industries/pet-food-packaging-supplier/questions/buyer-questions.html","https://www.bestpackfactory.com/industries/pet-food-packaging-supplier/questions/buyer-questions.html","content-site/industries/pet-food-packaging-supplier/questions/buyer-questions.html","buyer_answer","public","Pet Food Packaging Supplier Buyer Questions","Pet Food Packaging Supplier Buyer Questions","1","Procurement question hub for pet food packaging buyers with 20 RFQ-focused answers, product links, sample checks and MOQ 500 PCS factory quote guidance.","https://www.bestpackfactory.com/industries/pet-food-packaging-supplier/questions/buyer-questions.html","","0","BreadcrumbList|ItemList|ListItem","","62","yes"
"/industries/pet-food-packaging-supplier/questions/cat-food-pouch-material.html","https://www.bestpackfactory.com/industries/pet-food-packaging-supplier/questions/cat-food-pouch-material.html","content-site/industries/pet-food-packaging-supplier/questions/cat-food-pouch-material.html","buyer_answer","public","What material works for cat food pouches?","What material works for cat food pouches?","1","What material works for cat food pouches? B2B procurement answer for custom pet food bags: MOQ, materials, samples, QC, RFQ details and related product.","https://www.bestpackfactory.com/industries/pet-food-packaging-supplier/questions/cat-food-pouch-material.html","","0","BreadcrumbList|ListItem|Thing|WebPage|WebSite","","28","yes"
"/industries/pet-food-packaging-supplier/questions/flat-bottom-dog-food-bag.html","https://www.bestpackfactory.com/industries/pet-food-packaging-supplier/questions/flat-bottom-dog-food-bag.html","content-site/industries/pet-food-packaging-supplier/questions/flat-bottom-dog-food-bag.html","buyer_answer","public","When should dog food use a flat bottom bag?","When should dog food use a flat bottom bag?","1","When should dog food use a flat bottom bag? B2B procurement answer for custom pet food bags: MOQ, materials, samples, QC, RFQ details and related product.","https://www.bestpackfactory.com/industries/pet-food-packaging-supplier/questions/flat-bottom-dog-food-bag.html","","0","BreadcrumbList|ListItem|Thing|WebPage|WebSite","","28","yes"
"/industries/pet-food-packaging-supplier/questions/freeze-dried-pet-food-packaging.html","https://www.bestpackfactory.com/industries/pet-food-packaging-supplier/questions/freeze-dried-pet-food-packaging.html","content-site/industries/pet-food-packaging-supplier/questions/freeze-dried-pet-food-packaging.html","buyer_answer","public","What packaging works for freeze-dried pet food?","What packaging works for freeze-dried pet food?","1","What packaging works for freeze-dried pet food? B2B procurement answer for custom pet food bags: MOQ, materials, samples, QC, RFQ details and related.","https://www.bestpackfactory.com/industries/pet-food-packaging-supplier/questions/freeze-dried-pet-food-packaging.html","","0","BreadcrumbList|ListItem|Thing|WebPage|WebSite","","28","yes"
"/industries/pet-food-packaging-supplier/questions/kraft-pet-food-bags.html","https://www.bestpackfactory.com/industries/pet-food-packaging-supplier/questions/kraft-pet-food-bags.html","content-site/industries/pet-food-packaging-supplier/questions/kraft-pet-food-bags.html","buyer_answer","public","Can pet food bags use kraft paper?","Can pet food bags use kraft paper?","1","Can pet food bags use kraft paper? B2B procurement answer for custom pet food bags: MOQ, materials, samples, QC, RFQ details and related product links.","https://www.bestpackfactory.com/industries/pet-food-packaging-supplier/questions/kraft-pet-food-bags.html","","0","BreadcrumbList|ListItem|Thing|WebPage|WebSite","","28","yes"
"/industries/pet-food-packaging-supplier/questions/matte-pet-food-bag-finish.html","https://www.bestpackfactory.com/industries/pet-food-packaging-supplier/questions/matte-pet-food-bag-finish.html","content-site/industries/pet-food-packaging-supplier/questions/matte-pet-food-bag-finish.html","buyer_answer","public","Does matte finish affect pet food bag cost?","Does matte finish affect pet food bag cost?","1","Does matte finish affect pet food bag cost? B2B procurement answer for custom pet food bags: MOQ, materials, samples, QC, RFQ details and related product.","https://www.bestpackfactory.com/industries/pet-food-packaging-supplier/questions/matte-pet-food-bag-finish.html","","0","BreadcrumbList|ListItem|Thing|WebPage|WebSite","","28","yes"
"/industries/pet-food-packaging-supplier/questions/oily-kibble-barrier-material.html","https://www.bestpackfactory.com/industries/pet-food-packaging-supplier/questions/oily-kibble-barrier-material.html","content-site/industries/pet-food-packaging-supplier/questions/oily-kibble-barrier-material.html","buyer_answer","public","What barrier material is best for oily kibble?","What barrier material is best for oily kibble?","1","What barrier material is best for oily kibble? B2B procurement answer for custom pet food bags: MOQ, materials, samples, QC, RFQ details and related.","https://www.bestpackfactory.com/industries/pet-food-packaging-supplier/questions/oily-kibble-barrier-material.html","","0","BreadcrumbList|ListItem|Thing|WebPage|WebSite","","28","yes"
"/industries/pet-food-packaging-supplier/questions/pet-food-aroma-barrier.html","https://www.bestpackfactory.com/industries/pet-food-packaging-supplier/questions/pet-food-aroma-barrier.html","content-site/industries/pet-food-packaging-supplier/questions/pet-food-aroma-barrier.html","buyer_answer","public","How do pet food bags protect aroma?","How do pet food bags protect aroma?","1","How do pet food bags protect aroma? B2B procurement answer for custom pet food bags: MOQ, materials, samples, QC, RFQ details and related product links.","https://www.bestpackfactory.com/industries/pet-food-packaging-supplier/questions/pet-food-aroma-barrier.html","","0","BreadcrumbList|ListItem|Thing|WebPage|WebSite","","28","yes"
"/industries/pet-food-packaging-supplier/questions/pet-food-artwork-compliance.html","https://www.bestpackfactory.com/industries/pet-food-packaging-supplier/questions/pet-food-artwork-compliance.html","content-site/industries/pet-food-packaging-supplier/questions/pet-food-artwork-compliance.html","buyer_answer","public","What should pet food artwork reserve space for?","What should pet food artwork reserve space for?","1","What should pet food artwork reserve space for? B2B procurement answer for custom pet food bags: MOQ, materials, samples, QC, RFQ details and related.","https://www.bestpackfactory.com/industries/pet-food-packaging-supplier/questions/pet-food-artwork-compliance.html","","0","BreadcrumbList|ListItem|Thing|WebPage|WebSite","","28","yes"
"/industries/pet-food-packaging-supplier/questions/pet-food-bag-drop-test.html","https://www.bestpackfactory.com/industries/pet-food-packaging-supplier/questions/pet-food-bag-drop-test.html","content-site/industries/pet-food-packaging-supplier/questions/pet-food-bag-drop-test.html","buyer_answer","public","Should pet food bags be drop tested?","Should pet food bags be drop tested?","1","Should pet food bags be drop tested? B2B procurement answer for custom pet food bags: MOQ, materials, samples, QC, RFQ details and related product links.","https://www.bestpackfactory.com/industries/pet-food-packaging-supplier/questions/pet-food-bag-drop-test.html","","0","BreadcrumbList|ListItem|Thing|WebPage|WebSite","","28","yes"
"/industries/pet-food-packaging-supplier/questions/pet-food-bag-handle.html","https://www.bestpackfactory.com/industries/pet-food-packaging-supplier/questions/pet-food-bag-handle.html","content-site/industries/pet-food-packaging-supplier/questions/pet-food-bag-handle.html","buyer_answer","public","Do heavy pet food bags need a handle?","Do heavy pet food bags need a handle?","1","Do heavy pet food bags need a handle? B2B procurement answer for custom pet food bags: MOQ, materials, samples, QC, RFQ details and related product links.","https://www.bestpackfactory.com/industries/pet-food-packaging-supplier/questions/pet-food-bag-handle.html","","0","BreadcrumbList|ListItem|Thing|WebPage|WebSite","","28","yes"
"/industries/pet-food-packaging-supplier/questions/pet-food-bag-moq-500.html","https://www.bestpackfactory.com/industries/pet-food-packaging-supplier/questions/pet-food-bag-moq-500.html","content-site/industries/pet-food-packaging-supplier/questions/pet-food-bag-moq-500.html","buyer_answer","public","What is the MOQ for custom pet food bags?","What is the MOQ for custom pet food bags?","1","What is the MOQ for custom pet food bags? B2B procurement answer for custom pet food bags: MOQ, materials, samples, QC, RFQ details and related product.","https://www.bestpackfactory.com/industries/pet-food-packaging-supplier/questions/pet-food-bag-moq-500.html","","0","BreadcrumbList|ListItem|Thing|WebPage|WebSite","","28","yes"
"/industries/pet-food-packaging-supplier/questions/pet-food-bag-rfq-template.html","https://www.bestpackfactory.com/industries/pet-food-packaging-supplier/questions/pet-food-bag-rfq-template.html","content-site/industries/pet-food-packaging-supplier/questions/pet-food-bag-rfq-template.html","buyer_answer","public","What should a pet food bag RFQ include?","What should a pet food bag RFQ include?","1","What should a pet food bag RFQ include? B2B procurement answer for custom pet food bags: MOQ, materials, samples, QC, RFQ details and related product.","https://www.bestpackfactory.com/industries/pet-food-packaging-supplier/questions/pet-food-bag-rfq-template.html","","0","BreadcrumbList|ListItem|Thing|WebPage|WebSite","","28","yes"
"/industries/pet-food-packaging-supplier/questions/pet-food-puncture-resistance.html","https://www.bestpackfactory.com/industries/pet-food-packaging-supplier/questions/pet-food-puncture-resistance.html","content-site/industries/pet-food-packaging-supplier/questions/pet-food-puncture-resistance.html","buyer_answer","public","When is puncture resistance important for pet food?","When is puncture resistance important for pet food?","1","When is puncture resistance important for pet food? B2B procurement answer for custom pet food bags: MOQ, materials, samples, QC, RFQ details and related.","https://www.bestpackfactory.com/industries/pet-food-packaging-supplier/questions/pet-food-puncture-resistance.html","","0","BreadcrumbList|ListItem|Thing|WebPage|WebSite","","28","yes"
"/industries/pet-food-packaging-supplier/questions/pet-food-zipper-strength.html","https://www.bestpackfactory.com/industries/pet-food-packaging-supplier/questions/pet-food-zipper-strength.html","content-site/industries/pet-food-packaging-supplier/questions/pet-food-zipper-strength.html","buyer_answer","public","How strong should pet food bag zippers be?","How strong should pet food bag zippers be?","1","How strong should pet food bag zippers be? B2B procurement answer for custom pet food bags: MOQ, materials, samples, QC, RFQ details and related product.","https://www.bestpackfactory.com/industries/pet-food-packaging-supplier/questions/pet-food-zipper-strength.html","","0","BreadcrumbList|ListItem|Thing|WebPage|WebSite","","28","yes"
"/industries/pet-food-packaging-supplier/questions/pet-supplement-pouch-barrier.html","https://www.bestpackfactory.com/industries/pet-food-packaging-supplier/questions/pet-supplement-pouch-barrier.html","content-site/industries/pet-food-packaging-supplier/questions/pet-supplement-pouch-barrier.html","buyer_answer","public","What barrier do pet supplement pouches need?","What barrier do pet supplement pouches need?","1","What barrier do pet supplement pouches need? B2B procurement answer for custom pet food bags: MOQ, materials, samples, QC, RFQ details and related.","https://www.bestpackfactory.com/industries/pet-food-packaging-supplier/questions/pet-supplement-pouch-barrier.html","","0","BreadcrumbList|ListItem|Thing|WebPage|WebSite","","28","yes"
"/industries/pet-food-packaging-supplier/questions/pet-treat-pouch-size.html","https://www.bestpackfactory.com/industries/pet-food-packaging-supplier/questions/pet-treat-pouch-size.html","content-site/industries/pet-food-packaging-supplier/questions/pet-treat-pouch-size.html","buyer_answer","public","How do buyers choose pet treat pouch size?","How do buyers choose pet treat pouch size?","1","How do buyers choose pet treat pouch size? B2B procurement answer for custom pet food bags: MOQ, materials, samples, QC, RFQ details and related product.","https://www.bestpackfactory.com/industries/pet-food-packaging-supplier/questions/pet-treat-pouch-size.html","","0","BreadcrumbList|ListItem|Thing|WebPage|WebSite","","28","yes"
"/industries/pet-food-packaging-supplier/questions/recyclable-pet-food-pouches.html","https://www.bestpackfactory.com/industries/pet-food-packaging-supplier/questions/recyclable-pet-food-pouches.html","content-site/industries/pet-food-packaging-supplier/questions/recyclable-pet-food-pouches.html","buyer_answer","public","Can pet food pouches be recyclable?","Can pet food pouches be recyclable?","1","Can pet food pouches be recyclable? B2B procurement answer for custom pet food bags: MOQ, materials, samples, QC, RFQ details and related product links.","https://www.bestpackfactory.com/industries/pet-food-packaging-supplier/questions/recyclable-pet-food-pouches.html","","0","BreadcrumbList|ListItem|Thing|WebPage|WebSite","","28","yes"
"/industries/pet-food-packaging-supplier/questions/resealable-pet-treat-bags.html","https://www.bestpackfactory.com/industries/pet-food-packaging-supplier/questions/resealable-pet-treat-bags.html","content-site/industries/pet-food-packaging-supplier/questions/resealable-pet-treat-bags.html","buyer_answer","public","Why do pet treat bags need resealable zippers?","Why do pet treat bags need resealable zippers?","1","Why do pet treat bags need resealable zippers? B2B procurement answer for custom pet food bags: MOQ, materials, samples, QC, RFQ details and related.","https://www.bestpackfactory.com/industries/pet-food-packaging-supplier/questions/resealable-pet-treat-bags.html","","0","BreadcrumbList|ListItem|Thing|WebPage|WebSite","","28","yes"
"/industries/pet-food-packaging-supplier/questions/side-gusset-vs-flat-bottom-pet-food.html","https://www.bestpackfactory.com/industries/pet-food-packaging-supplier/questions/side-gusset-vs-flat-bottom-pet-food.html","content-site/industries/pet-food-packaging-supplier/questions/side-gusset-vs-flat-bottom-pet-food.html","buyer_answer","public","Should pet food use side gusset or flat bottom bags?","Should pet food use side gusset or flat bottom bags?","1","Should pet food use side gusset or flat bottom bags? B2B procurement answer for custom pet food bags: MOQ, materials, samples, QC, RFQ details and.","https://www.bestpackfactory.com/industries/pet-food-packaging-supplier/questions/side-gusset-vs-flat-bottom-pet-food.html","","0","BreadcrumbList|ListItem|Thing|WebPage|WebSite","","28","yes"
"/industries/pet-food-packaging.html","https://www.bestpackfactory.com/industries/pet-food-packaging.html","content-site/industries/pet-food-packaging.html","industry","public","Pet Food Packaging Solutions | B2B Packaging Guide","Pet Food Packaging Solutions","1","High-barrier pet food pouches, flat bottom dog food bags and resealable cat food packaging for dry food and treats.","https://www.bestpackfactory.com/industries/pet-food-packaging.html","index, follow, max-image-preview:large, max-snippet:-1, max-video-preview:-1","0","BreadcrumbList|ImageObject|ListItem|Organization|WebPage","","38","yes"
"/industries/pharmaceutical-packaging-supplier.html","https://www.bestpackfactory.com/industries/pharmaceutical-packaging-supplier.html","content-site/industries/pharmaceutical-packaging-supplier.html","industry","public","Pharmaceutical Packaging Supplier | Custom Boxes MOQ 500 PCS","Pharmaceutical Packaging Supplier","1","Pharmaceutical packaging supplier for medicine cartons, supplement boxes, labels and GS1-ready printed packaging. MOQ 500 PCS.","https://www.bestpackfactory.com/industries/pharmaceutical-packaging-supplier.html","","0","Answer|BreadcrumbList|FAQPage|ListItem|Offer|Organization|PriceSpecification|Question|Service|Thing|WebPage|WebSite","","35","yes"
"/industries/pharmaceutical-packaging-supplier/questions/anti-counterfeit-pharma-cartons.html","https://www.bestpackfactory.com/industries/pharmaceutical-packaging-supplier/questions/anti-counterfeit-pharma-cartons.html","content-site/industries/pharmaceutical-packaging-supplier/questions/anti-counterfeit-pharma-cartons.html","buyer_answer","public","What anti-counterfeit options can pharma cartons use?","What anti-counterfeit options can pharma cartons use?","1","What anti-counterfeit options can pharma cartons use? B2B procurement answer for pharma folding cartons: MOQ, materials, samples, QC, RFQ details and.","https://www.bestpackfactory.com/industries/pharmaceutical-packaging-supplier/questions/anti-counterfeit-pharma-cartons.html","","0","BreadcrumbList|ListItem|Thing|WebPage|WebSite","","28","yes"
"/industries/pharmaceutical-packaging-supplier/questions/barcode-verification-grade.html","https://www.bestpackfactory.com/industries/pharmaceutical-packaging-supplier/questions/barcode-verification-grade.html","content-site/industries/pharmaceutical-packaging-supplier/questions/barcode-verification-grade.html","buyer_answer","public","What barcode grade should pharma cartons target?","What barcode verification grade should pharma cartons target?","1","What barcode verification grade should pharma cartons target? B2B procurement answer for pharma folding cartons: MOQ, materials, samples, QC, RFQ details.","https://www.bestpackfactory.com/industries/pharmaceutical-packaging-supplier/questions/barcode-verification-grade.html","","0","BreadcrumbList|ListItem|Thing|WebPage|WebSite","","28","yes"
"/industries/pharmaceutical-packaging-supplier/questions/batch-lot-expiry-panel.html","https://www.bestpackfactory.com/industries/pharmaceutical-packaging-supplier/questions/batch-lot-expiry-panel.html","content-site/industries/pharmaceutical-packaging-supplier/questions/batch-lot-expiry-panel.html","buyer_answer","public","Where should batch, lot and expiry data go?","Where should batch, lot and expiry data go?","1","Where should batch, lot and expiry data go? B2B procurement answer for pharma folding cartons: MOQ, materials, samples, QC, RFQ details and related.","https://www.bestpackfactory.com/industries/pharmaceutical-packaging-supplier/questions/batch-lot-expiry-panel.html","","0","BreadcrumbList|ListItem|Thing|WebPage|WebSite","","28","yes"
"/industries/pharmaceutical-packaging-supplier/questions/blister-pack-carton-dimensions.html","https://www.bestpackfactory.com/industries/pharmaceutical-packaging-supplier/questions/blister-pack-carton-dimensions.html","content-site/industries/pharmaceutical-packaging-supplier/questions/blister-pack-carton-dimensions.html","buyer_answer","public","How do blister dimensions guide carton design?","How should blister pack dimensions be used for carton design?","1","How should blister pack dimensions be used for carton design? B2B procurement answer for pharma folding cartons: MOQ, materials, samples, QC, RFQ details.","https://www.bestpackfactory.com/industries/pharmaceutical-packaging-supplier/questions/blister-pack-carton-dimensions.html","","0","BreadcrumbList|ListItem|Thing|WebPage|WebSite","","28","yes"
"/industries/pharmaceutical-packaging-supplier/questions/buyer-questions.html","https://www.bestpackfactory.com/industries/pharmaceutical-packaging-supplier/questions/buyer-questions.html","content-site/industries/pharmaceutical-packaging-supplier/questions/buyer-questions.html","buyer_answer","public","Pharma Folding Carton Buyer Questions","Pharma Folding Carton Buyer Questions","1","Procurement question hub for pharma carton packaging buyers with 20 RFQ-focused answers, product links, sample checks and MOQ 500 PCS factory quote.","https://www.bestpackfactory.com/industries/pharmaceutical-packaging-supplier/questions/buyer-questions.html","","0","BreadcrumbList|ItemList|ListItem","","62","yes"
"/industries/pharmaceutical-packaging-supplier/questions/camera-inspection-pharma-cartons.html","https://www.bestpackfactory.com/industries/pharmaceutical-packaging-supplier/questions/camera-inspection-pharma-cartons.html","content-site/industries/pharmaceutical-packaging-supplier/questions/camera-inspection-pharma-cartons.html","buyer_answer","public","When is camera inspection needed for pharma cartons?","When is camera inspection needed for pharma cartons?","1","When is camera inspection needed for pharma cartons? B2B procurement answer for pharma folding cartons: MOQ, materials, samples, QC, RFQ details and.","https://www.bestpackfactory.com/industries/pharmaceutical-packaging-supplier/questions/camera-inspection-pharma-cartons.html","","0","BreadcrumbList|ListItem|Thing|WebPage|WebSite","","28","yes"
"/industries/pharmaceutical-packaging-supplier/questions/child-resistant-pharma-carton.html","https://www.bestpackfactory.com/industries/pharmaceutical-packaging-supplier/questions/child-resistant-pharma-carton.html","content-site/industries/pharmaceutical-packaging-supplier/questions/child-resistant-pharma-carton.html","buyer_answer","public","Can folding cartons support child-resistant packaging needs?","Can folding cartons support child-resistant packaging needs?","1","Can folding cartons support child-resistant packaging needs? B2B procurement answer for pharma folding cartons: MOQ, materials, samples, QC, RFQ details.","https://www.bestpackfactory.com/industries/pharmaceutical-packaging-supplier/questions/child-resistant-pharma-carton.html","","0","BreadcrumbList|ListItem|Thing|WebPage|WebSite","","28","yes"
"/industries/pharmaceutical-packaging-supplier/questions/gs1-datamatrix-placement.html","https://www.bestpackfactory.com/industries/pharmaceutical-packaging-supplier/questions/gs1-datamatrix-placement.html","content-site/industries/pharmaceutical-packaging-supplier/questions/gs1-datamatrix-placement.html","buyer_answer","public","Where should GS1 DataMatrix be placed on pharma cartons?","Where should GS1 DataMatrix be placed on pharma cartons?","1","Where should GS1 DataMatrix be placed on pharma cartons? B2B procurement answer for pharma folding cartons: MOQ, materials, samples, QC, RFQ details and.","https://www.bestpackfactory.com/industries/pharmaceutical-packaging-supplier/questions/gs1-datamatrix-placement.html","","0","BreadcrumbList|ListItem|Thing|WebPage|WebSite","","28","yes"
"/industries/pharmaceutical-packaging-supplier/questions/label-vs-printed-pharma-carton.html","https://www.bestpackfactory.com/industries/pharmaceutical-packaging-supplier/questions/label-vs-printed-pharma-carton.html","content-site/industries/pharmaceutical-packaging-supplier/questions/label-vs-printed-pharma-carton.html","buyer_answer","public","Should buyers use labels or printed pharma cartons?","Should buyers use labels or printed pharma cartons?","1","Should buyers use labels or printed pharma cartons? B2B procurement answer for pharma folding cartons: MOQ, materials, samples, QC, RFQ details and.","https://www.bestpackfactory.com/industries/pharmaceutical-packaging-supplier/questions/label-vs-printed-pharma-carton.html","","0","BreadcrumbList|ListItem|Thing|WebPage|WebSite","","28","yes"
"/industries/pharmaceutical-packaging-supplier/questions/patient-leaflet-insert-carton.html","https://www.bestpackfactory.com/industries/pharmaceutical-packaging-supplier/questions/patient-leaflet-insert-carton.html","content-site/industries/pharmaceutical-packaging-supplier/questions/patient-leaflet-insert-carton.html","buyer_answer","public","How do leaflets affect pharma carton structure?","How do leaflets affect pharma carton structure?","1","How do leaflets affect pharma carton structure? B2B procurement answer for pharma folding cartons: MOQ, materials, samples, QC, RFQ details and related.","https://www.bestpackfactory.com/industries/pharmaceutical-packaging-supplier/questions/patient-leaflet-insert-carton.html","","0","BreadcrumbList|ListItem|Thing|WebPage|WebSite","","28","yes"
"/industries/pharmaceutical-packaging-supplier/questions/pharma-artwork-revision-control.html","https://www.bestpackfactory.com/industries/pharmaceutical-packaging-supplier/questions/pharma-artwork-revision-control.html","content-site/industries/pharmaceutical-packaging-supplier/questions/pharma-artwork-revision-control.html","buyer_answer","public","How should pharma carton artwork revisions be controlled?","How should pharma carton artwork revisions be controlled?","1","How should pharma carton artwork revisions be controlled? B2B procurement answer for pharma folding cartons: MOQ, materials, samples, QC, RFQ details and.","https://www.bestpackfactory.com/industries/pharmaceutical-packaging-supplier/questions/pharma-artwork-revision-control.html","","0","BreadcrumbList|ListItem|Thing|WebPage|WebSite","","28","yes"
"/industries/pharmaceutical-packaging-supplier/questions/pharma-carton-board-grade.html","https://www.bestpackfactory.com/industries/pharmaceutical-packaging-supplier/questions/pharma-carton-board-grade.html","content-site/industries/pharmaceutical-packaging-supplier/questions/pharma-carton-board-grade.html","buyer_answer","public","How do buyers choose pharma carton board grade?","How do buyers choose pharma carton board grade?","1","How do buyers choose pharma carton board grade? B2B procurement answer for pharma folding cartons: MOQ, materials, samples, QC, RFQ details and related.","https://www.bestpackfactory.com/industries/pharmaceutical-packaging-supplier/questions/pharma-carton-board-grade.html","","0","BreadcrumbList|ListItem|Thing|WebPage|WebSite","","28","yes"
"/industries/pharmaceutical-packaging-supplier/questions/pharma-carton-glue-strength.html","https://www.bestpackfactory.com/industries/pharmaceutical-packaging-supplier/questions/pharma-carton-glue-strength.html","content-site/industries/pharmaceutical-packaging-supplier/questions/pharma-carton-glue-strength.html","buyer_answer","public","What glue details matter for pharma folding cartons?","What glue details matter for pharma folding cartons?","1","What glue details matter for pharma folding cartons? B2B procurement answer for pharma folding cartons: MOQ, materials, samples, QC, RFQ details and.","https://www.bestpackfactory.com/industries/pharmaceutical-packaging-supplier/questions/pharma-carton-glue-strength.html","","0","BreadcrumbList|ListItem|Thing|WebPage|WebSite","","28","yes"
"/industries/pharmaceutical-packaging-supplier/questions/pharma-carton-rfq-template.html","https://www.bestpackfactory.com/industries/pharmaceutical-packaging-supplier/questions/pharma-carton-rfq-template.html","content-site/industries/pharmaceutical-packaging-supplier/questions/pharma-carton-rfq-template.html","buyer_answer","public","What should a pharma carton RFQ include?","What should a pharma carton RFQ include?","1","What should a pharma carton RFQ include? B2B procurement answer for pharma folding cartons: MOQ, materials, samples, QC, RFQ details and related product.","https://www.bestpackfactory.com/industries/pharmaceutical-packaging-supplier/questions/pharma-carton-rfq-template.html","","0","BreadcrumbList|ListItem|Thing|WebPage|WebSite","","28","yes"
"/industries/pharmaceutical-packaging-supplier/questions/pharma-carton-sample-approval.html","https://www.bestpackfactory.com/industries/pharmaceutical-packaging-supplier/questions/pharma-carton-sample-approval.html","content-site/industries/pharmaceutical-packaging-supplier/questions/pharma-carton-sample-approval.html","buyer_answer","public","What should buyers approve on pharma carton samples?","What should buyers approve on pharma carton samples?","1","What should buyers approve on pharma carton samples? B2B procurement answer for pharma folding cartons: MOQ, materials, samples, QC, RFQ details and.","https://www.bestpackfactory.com/industries/pharmaceutical-packaging-supplier/questions/pharma-carton-sample-approval.html","","0","BreadcrumbList|ListItem|Thing|WebPage|WebSite","","28","yes"
"/industries/pharmaceutical-packaging-supplier/questions/pharma-folding-carton-moq-500.html","https://www.bestpackfactory.com/industries/pharmaceutical-packaging-supplier/questions/pharma-folding-carton-moq-500.html","content-site/industries/pharmaceutical-packaging-supplier/questions/pharma-folding-carton-moq-500.html","buyer_answer","public","What is the MOQ for custom pharma folding cartons?","What is the MOQ for custom pharma folding cartons?","1","What is the MOQ for custom pharma folding cartons? B2B procurement answer for pharma folding cartons: MOQ, materials, samples, QC, RFQ details and.","https://www.bestpackfactory.com/industries/pharmaceutical-packaging-supplier/questions/pharma-folding-carton-moq-500.html","","0","BreadcrumbList|ListItem|Thing|WebPage|WebSite","","28","yes"
"/industries/pharmaceutical-packaging-supplier/questions/serialization-workflow-cartons.html","https://www.bestpackfactory.com/industries/pharmaceutical-packaging-supplier/questions/serialization-workflow-cartons.html","content-site/industries/pharmaceutical-packaging-supplier/questions/serialization-workflow-cartons.html","buyer_answer","public","Who handles serialization on pharma cartons?","Who handles serialization on pharma cartons?","1","Who handles serialization on pharma cartons? B2B procurement answer for pharma folding cartons: MOQ, materials, samples, QC, RFQ details and related.","https://www.bestpackfactory.com/industries/pharmaceutical-packaging-supplier/questions/serialization-workflow-cartons.html","","0","BreadcrumbList|ListItem|Thing|WebPage|WebSite","","28","yes"
"/industries/pharmaceutical-packaging-supplier/questions/shipping-pharma-folding-cartons.html","https://www.bestpackfactory.com/industries/pharmaceutical-packaging-supplier/questions/shipping-pharma-folding-cartons.html","content-site/industries/pharmaceutical-packaging-supplier/questions/shipping-pharma-folding-cartons.html","buyer_answer","public","How should pharma folding cartons be packed and shipped?","How should pharma folding cartons be packed and shipped?","1","How should pharma folding cartons be packed and shipped? B2B procurement answer for pharma folding cartons: MOQ, materials, samples, QC, RFQ details and.","https://www.bestpackfactory.com/industries/pharmaceutical-packaging-supplier/questions/shipping-pharma-folding-cartons.html","","0","BreadcrumbList|ListItem|Thing|WebPage|WebSite","","28","yes"
"/industries/pharmaceutical-packaging-supplier/questions/small-text-readability-pharma.html","https://www.bestpackfactory.com/industries/pharmaceutical-packaging-supplier/questions/small-text-readability-pharma.html","content-site/industries/pharmaceutical-packaging-supplier/questions/small-text-readability-pharma.html","buyer_answer","public","How small can text be on pharma cartons?","How small can text be on pharma cartons?","1","How small can text be on pharma cartons? B2B procurement answer for pharma folding cartons: MOQ, materials, samples, QC, RFQ details and related product.","https://www.bestpackfactory.com/industries/pharmaceutical-packaging-supplier/questions/small-text-readability-pharma.html","","0","BreadcrumbList|ListItem|Thing|WebPage|WebSite","","28","yes"
"/industries/pharmaceutical-packaging-supplier/questions/tamper-evident-folding-cartons.html","https://www.bestpackfactory.com/industries/pharmaceutical-packaging-supplier/questions/tamper-evident-folding-cartons.html","content-site/industries/pharmaceutical-packaging-supplier/questions/tamper-evident-folding-cartons.html","buyer_answer","public","When do pharma cartons need tamper-evident features?","When do pharma cartons need tamper-evident features?","1","When do pharma cartons need tamper-evident features? B2B procurement answer for pharma folding cartons: MOQ, materials, samples, QC, RFQ details and.","https://www.bestpackfactory.com/industries/pharmaceutical-packaging-supplier/questions/tamper-evident-folding-cartons.html","","0","BreadcrumbList|ListItem|Thing|WebPage|WebSite","","28","yes"
"/industries/pharmaceutical-packaging-supplier/questions/varnish-lamination-barcode-zone.html","https://www.bestpackfactory.com/industries/pharmaceutical-packaging-supplier/questions/varnish-lamination-barcode-zone.html","content-site/industries/pharmaceutical-packaging-supplier/questions/varnish-lamination-barcode-zone.html","buyer_answer","public","Can varnish or lamination cover barcode zones?","Can varnish or lamination cover barcode zones?","1","Can varnish or lamination cover barcode zones? B2B procurement answer for pharma folding cartons: MOQ, materials, samples, QC, RFQ details and related.","https://www.bestpackfactory.com/industries/pharmaceutical-packaging-supplier/questions/varnish-lamination-barcode-zone.html","","0","BreadcrumbList|ListItem|Thing|WebPage|WebSite","","28","yes"
"/industries/pharmaceutical-packaging.html","https://www.bestpackfactory.com/industries/pharmaceutical-packaging.html","content-site/industries/pharmaceutical-packaging.html","industry","public","Pharmaceutical Packaging Solutions | B2B Packaging Guide","Pharmaceutical Packaging Solutions","1","Medicine folding cartons, GS1 DataMatrix packaging, supplement boxes and variable-data pharma packaging support.","https://www.bestpackfactory.com/industries/pharmaceutical-packaging.html","index, follow, max-image-preview:large, max-snippet:-1, max-video-preview:-1","0","BreadcrumbList|ImageObject|ListItem|Organization|WebPage","","39","yes"
"/ja","https://www.bestpackfactory.com/ja","content-site/ja/index.html","locale_mirror","public","オリジナルパッケージ製造メーカー | MOQ 500個 | BestPackFactory","世界中のブランドへ オリジナルパッケージ ソリューション","1","マグネット付きギフト箱・ハードボックス・紙袋・スタンドパウチなど食品パッケージを深圳の自社工場から直接供給。最小注文数量500個から。工場見積もりはお気軽に。無料型紙・サンプル対応・品質検査・世界中への出荷に対応。","https://www.bestpackfactory.com/ja","index, follow, max-image-preview:large, max-snippet:-1, max-video-preview:-1","7","Answer|BreadcrumbList|ContactPoint|FAQPage|ListItem|Organization|PostalAddress|Question|WebSite","","54","yes"
"/ja/contact.html","https://www.bestpackfactory.com/ja/contact.html","content-site/ja/contact.html","locale_mirror","public","BestPackFactoryへのお問い合わせ | オリジナルパッケージ無料見積もり","オリジナルパッケージの見積もりを依頼","1","オリジナルパッケージの無料見積もりならBestPackFactoryへ。MOQ 500個から。WhatsApp・メール・RFQフォームで受付、24時間以内に迅速回答。無料型紙・サンプル対応・品質検査・世界中への出荷に対応。","https://www.bestpackfactory.com/ja/contact.html","","0","BreadcrumbList|ContactPage|ContactPoint|ListItem|Manufacturer|Organization|PostalAddress","","32","yes"
"/ja/products.html","https://www.bestpackfactory.com/ja/products.html","content-site/ja/products.html","locale_mirror","public","オリジナルパッケージ製品一覧 | MOQ 500個 | BestPackFactory","B2B向けオリジナルパッケージ製品","1","箱、パウチ、コーヒーバッグ、ペットフードバッグ、ラベル、ボトルなどB2B調達向けのオリジナルパッケージ製品70種類以上を比較。最小注文数量は500個から。無料型紙・サンプル対応・品質検査・世界中への出荷に対応。","https://www.bestpackfactory.com/ja/products.html","","0","BreadcrumbList|CollectionPage|ItemList|ListItem","","130","yes"
"/ja/products/coffee-bags.html","https://www.bestpackfactory.com/ja/products/coffee-bags.html","content-site/ja/products/coffee-bags.html","locale_mirror","public","コーヒーバッグ | MOQ 500個 | BestPackFactory","コーヒーバッグ","1","オリジナルコーヒーバッグをMOQ 500個から受注。高バリアフィルム（MOPP/VMPET/PE、PET/AL/PE）、脱気バルブ、チャック、フラットボトム・スタンドパウチ構造に対応。型紙無料・世界配送のB2B工場直販。無料型紙・サンプル対応・品質検査・世界中への出荷に対応。","https://www.bestpackfactory.com/ja/products/coffee-bags.html","","0","Answer|Brand|BreadcrumbList|FAQPage|ListItem|Offer|Organization|Product|PropertyValue|Question","","34","yes"
"/ja/products/custom-boxes.html","https://www.bestpackfactory.com/ja/products/custom-boxes.html","content-site/ja/products/custom-boxes.html","locale_mirror","public","オリジナル箱 | MOQ 500個から | BestPackFactory","オリジナル箱","1","オリジナル箱をMOQ 500個から受注。サイズ・素材（白板紙・クラフト紙・段ボールE/Bフルート）・印刷・仕上げを自由にカスタマイズ。型紙無料、サンプル対応、品質検査・世界配送付きのB2B工場直販。無料型紙・サンプル対応・品質検査・世界中への出荷に対応。","https://www.bestpackfactory.com/ja/products/custom-boxes.html","","0","Answer|Brand|BreadcrumbList|FAQPage|ListItem|Offer|Organization|Product|PropertyValue|Question","","34","yes"
"/ja/products/custom-compostable-stand-up-pouches.html","https://www.bestpackfactory.com/ja/products/custom-compostable-stand-up-pouches.html","content-site/ja/products/custom-compostable-stand-up-pouches.html","locale_mirror","public","オリジナル堆肥化可能スタンドパウチ | MOQ 500個 | BestPackFactory","オリジナル堆肥化可能スタンドパウチ","1","コーヒー・紅茶・スナック・乾物向けの生分解・堆肥化可能なオリジナルスタンドパウチをMOQ 500個から受注。ホーム堆肥化（OK Compost Home）・産業堆肥化に対応、NK/NKME/PBS/PLAバイオフィルム使用。型紙無料の工場直販。無料型紙・サンプル対応・品質検査・世界中への出荷に対応。","https://www.bestpackfactory.com/ja/products/custom-compostable-stand-up-pouches.html","","0","Answer|Brand|BreadcrumbList|FAQPage|ListItem|Offer|Organization|PriceSpecification|Product|PropertyValue|Question","","34","yes"
"/ja/products/custom-cosmetic-packaging-boxes.html","https://www.bestpackfactory.com/ja/products/custom-cosmetic-packaging-boxes.html","content-site/ja/products/custom-cosmetic-packaging-boxes.html","locale_mirror","public","オリジナル化粧品パッケージボックス | MOQ 500個 | BestPackFactory","オリジナル化粧品パッケージボックス","1","スキンケア・メイクアップ・美容ブランド向けオリジナル化粧品パッケージボックスをMOQ 500個から受注。ハード構造、マグネット開閉、EVAインナー、箔押し・エンボス仕上げに対応。型紙無料・世界配送の工場直販。無料型紙・サンプル対応・品質検査・世界中への出荷に対応。","https://www.bestpackfactory.com/ja/products/custom-cosmetic-packaging-boxes.html","","0","Answer|Brand|BreadcrumbList|FAQPage|ListItem|Offer|Organization|Product|PropertyValue|Question","","34","yes"
"/ja/products/custom-flat-bottom-pouches.html","https://www.bestpackfactory.com/ja/products/custom-flat-bottom-pouches.html","content-site/ja/products/custom-flat-bottom-pouches.html","locale_mirror","public","オリジナルフラットボトムパウチ | MOQ 500個 | BestPackFactory","オリジナルフラットボトムパウチ","1","コーヒー・ペットフード・スナック・乾物向けのオリジナルフラットボトムパウチをMOQ 500個から受注。PET/AL/PEバリアフィルム、チャック、バルブ、フルカラー印刷に対応。型紙無料・世界配送の工場直販。無料型紙・サンプル対応・品質検査・世界中への出荷に対応。","https://www.bestpackfactory.com/ja/products/custom-flat-bottom-pouches.html","","0","Answer|Brand|BreadcrumbList|FAQPage|ImageObject|ListItem|Offer|Organization|PriceSpecification|Product|PropertyValue|Question|WebPage","","50","yes"
"/ja/products/custom-luxury-gift-boxes-manufacturer-premium-rigid-gift-packaging.html","https://www.bestpackfactory.com/ja/products/custom-luxury-gift-boxes-manufacturer-premium-rigid-gift-packaging.html","content-site/ja/products/custom-luxury-gift-boxes-manufacturer-premium-rigid-gift-packaging.html","locale_mirror","public","オリジナル高級ギフト箱 | MOQ 500個 | BestPackFactory","オリジナル高級ギフト箱メーカー","1","オリジナル高級ギフト箱をMOQ 500個から受注。サイズ・素材（ハード板紙1.5〜3.0mm＋アート紙・クラフト紙貼り）・印刷・仕上げをカスタマイズ。箔押しロゴ・マグネット開閉・リボンタブ対応の工場直販。無料型紙・サンプル対応・品質検査・世界中への出荷に対応。","https://www.bestpackfactory.com/ja/products/custom-luxury-gift-boxes-manufacturer-premium-rigid-gift-packaging.html","","0","Answer|Brand|BreadcrumbList|FAQPage|ListItem|Offer|Organization|PriceSpecification|Product|PropertyValue|Question","","32","yes"
"/ja/products/custom-printed-tape.html","https://www.bestpackfactory.com/ja/products/custom-printed-tape.html","content-site/ja/products/custom-printed-tape.html","locale_mirror","public","オリジナル印刷テープ | MOQ 500個 | BestPackFactory","オリジナル印刷テープ","1","EC梱包・カートン・ブランド出荷箱向けオリジナル印刷テープをMOQ 500個（500ロール）から受注。BOPP・クラフト紙テープ、アクリル粘着剤、幅36〜72mm。フレキソ・シルクスクリーン・箔押し印刷に対応の工場直販。無料型紙・サンプル対応・品質検査・世界中への出荷に対応。","https://www.bestpackfactory.com/ja/products/custom-printed-tape.html","","0","Answer|Brand|BreadcrumbList|FAQPage|ListItem|Offer|Organization|Product|PropertyValue|Question","","34","yes"
"/ja/products/custom-printed-tissue-paper.html","https://www.bestpackfactory.com/ja/products/custom-printed-tissue-paper.html","content-site/ja/products/custom-printed-tissue-paper.html","locale_mirror","public","オリジナル印刷ティッシュペーパー | MOQ 500個 | BestPackFactory","オリジナル印刷ティッシュペーパー","1","高級開封体験・アパレル・化粧品・ギフトパッケージ向けオリジナル印刷ティッシュペーパーをMOQ 500個（500シート）から受注。17/22/28gsm、フレキソ・シルクスクリーン・箔押し印刷に対応。型紙無料の工場直販。無料型紙・サンプル対応・品質検査・世界中への出荷に対応。","https://www.bestpackfactory.com/ja/products/custom-printed-tissue-paper.html","","0","Answer|Brand|BreadcrumbList|FAQPage|ListItem|Offer|Organization|Product|PropertyValue|Question","","34","yes"
"/ja/products/custom-retort-pouches-ready-meal-packaging.html","https://www.bestpackfactory.com/ja/products/custom-retort-pouches-ready-meal-packaging.html","content-site/ja/products/custom-retort-pouches-ready-meal-packaging.html","locale_mirror","public","レトルトパウチ | MOQ 500個 | BestPackFactory","レトルト食品用オリジナルレトルトパウチ","1","レトルト食品・スープ・カレー・調理済み食品向けオリジナルレトルトパウチをMOQ 500個から受注。121°Cレトルト対応フィルム（PET/AL/RCPP）、強靭シール、耐レトルトインキ。型紙無料・世界配送のB2B工場直販。無料型紙・サンプル対応・品質検査・世界中への出荷に対応。","https://www.bestpackfactory.com/ja/products/custom-retort-pouches-ready-meal-packaging.html","","0","Answer|Brand|BreadcrumbList|FAQPage|ListItem|Offer|Organization|PriceSpecification|Product|PropertyValue|Question","","34","yes"
"/ja/products/custom-tea-packaging-bags.html","https://www.bestpackfactory.com/ja/products/custom-tea-packaging-bags.html","content-site/ja/products/custom-tea-packaging-bags.html","locale_mirror","public","オリジナル茶パッケージバッグ | MOQ 500個 | BestPackFactory","オリジナル茶パッケージバッグ","1","リーフティー・ハーブティー・プレミアム茶ブランド向けオリジナル茶パッケージバッグをMOQ 500個から受注。高バリアフィルム（MOPP/VMPET/PE、PET/AL/PE）、脱気バルブ、チャック、フラットボトム構造に対応。型紙無料の工場直販。無料型紙・サンプル対応・品質検査・世界中への出荷に対応。","https://www.bestpackfactory.com/ja/products/custom-tea-packaging-bags.html","","0","Answer|Brand|BreadcrumbList|FAQPage|ListItem|Offer|Organization|Product|PropertyValue|Question","","34","yes"
"/ja/products/kraft-paper-coffee-bags.html","https://www.bestpackfactory.com/ja/products/kraft-paper-coffee-bags.html","content-site/ja/products/kraft-paper-coffee-bags.html","locale_mirror","public","クラフト紙コーヒーバッグ | MOQ 500個 | BestPackFactory","クラフト紙コーヒーバッグ","1","バルブ・チャック・フルカラーブランド印刷付きクラフト紙コーヒーバッグをMOQ 500個から受注。PET/AL/PEバリアフィルム、PLAライナー付きクラフト紙、メタライズフィルムに対応。型紙無料・世界配送のB2B工場直販。無料型紙・サンプル対応・品質検査・世界中への出荷に対応。","https://www.bestpackfactory.com/ja/products/kraft-paper-coffee-bags.html","","0","Answer|Brand|BreadcrumbList|FAQPage|ListItem|Offer|Organization|Product|PropertyValue|Question","","34","yes"
"/ja/products/labels-stickers.html","https://www.bestpackfactory.com/ja/products/labels-stickers.html","content-site/ja/products/labels-stickers.html","locale_mirror","public","ラベル＆ステッカー | MOQ 500個 | BestPackFactory","ラベル＆ステッカー","1","オリジナルラベル＆ステッカーをMOQ 500個から受注。コート紙・BOPP・PET・銀PET・ホログラムフィルム、永久・再剥離・冷凍対応粘着剤に対応。自動ラベリング用ロールも承ります。型紙無料のB2B工場直販。無料型紙・サンプル対応・品質検査・世界中への出荷に対応。","https://www.bestpackfactory.com/ja/products/labels-stickers.html","","0","Answer|Brand|BreadcrumbList|FAQPage|ListItem|Offer|Organization|Product|PropertyValue|Question","","35","yes"
"/ja/products/luxury-magnetic-boxes.html","https://www.bestpackfactory.com/ja/products/luxury-magnetic-boxes.html","content-site/ja/products/luxury-magnetic-boxes.html","locale_mirror","public","オリジナルマグネットギフト箱 | MOQ 500個 | BestPackFactory","オリジナルマグネットギフト箱","1","化粧品・ジュエリー・アパレル・ギフト向けオリジナルマグネットギフト箱をMOQ 500個から受注。ハードまたは折りたたみ構造、箔押し・エンボス・インナーをカスタマイズ。型紙無料、工場直販。無料型紙・サンプル対応・品質検査・世界中への出荷に対応。","https://www.bestpackfactory.com/ja/products/luxury-magnetic-boxes.html","","0","Answer|Brand|BreadcrumbList|FAQPage|ListItem|Offer|Product|PropertyValue|Question|WebPage","","40","yes"
"/ja/products/paper-bags.html","https://www.bestpackfactory.com/ja/products/paper-bags.html","content-site/ja/products/paper-bags.html","locale_mirror","public","オリジナル紙袋メーカー | MOQ 500個 | BestPackFactory","オリジナル印刷紙袋","1","小売・ギフト・テイクアウト向けオリジナル紙袋をMOQ 500個から受注。クラフト紙・コート紙・特殊紙、ツイスト・フラット・ロープ・リボン・型抜きハンドルから選択。箔押し・エンボス・スポットUV対応の工場直販。無料型紙・サンプル対応・品質検査・世界中への出荷に対応。","https://www.bestpackfactory.com/ja/products/paper-bags.html","","0","Answer|Brand|BreadcrumbList|FAQPage|ListItem|Offer|Product|PropertyValue|Question|WebPage","","42","yes"
"/ja/products/pet-food-bags.html","https://www.bestpackfactory.com/ja/products/pet-food-bags.html","content-site/ja/products/pet-food-bags.html","locale_mirror","public","ペットフードバッグ | MOQ 500個 | BestPackFactory","ペットフードバッグ","1","犬猫用ペットフードバッグをMOQ 500個から受注。高強度ラミネートフィルム（PET/VMPET/PE、PET/AL/PE）、ヘビーデューティーチャック、耐突き刺し仕様に対応。型紙無料・世界配送のB2B工場直販。無料型紙・サンプル対応・品質検査・世界中への出荷に対応。","https://www.bestpackfactory.com/ja/products/pet-food-bags.html","","0","Answer|Brand|BreadcrumbList|FAQPage|ListItem|Offer|Organization|Product|PropertyValue|Question","","34","yes"
"/ja/products/pharma-packaging.html","https://www.bestpackfactory.com/ja/products/pharma-packaging.html","content-site/ja/products/pharma-packaging.html","locale_mirror","public","医薬品パッケージ | MOQ 500個 | BestPackFactory","医薬品パッケージ","1","医薬品カートン・医療用パッケージをMOQ 500個から受注。GS1 DataMatrix ECC200対応、ISO/IEC 15415グレードA印刷、可変データ・1品1コード対応。オフセット175LPI。サンプル・世界配送のB2B工場直販。無料型紙・サンプル対応・品質検査・世界中への出荷に対応。","https://www.bestpackfactory.com/ja/products/pharma-packaging.html","","0","Answer|Brand|BreadcrumbList|FAQPage|ListItem|Offer|Organization|Product|PropertyValue|Question","","34","yes"
"/ja/products/pharmaceutical-folding-cartons.html","https://www.bestpackfactory.com/ja/products/pharmaceutical-folding-cartons.html","content-site/ja/products/pharmaceutical-folding-cartons.html","locale_mirror","public","医薬品折りたたみカートン | MOQ 500個 | BestPackFactory","医薬品折りたたみカートン","1","医薬品・サプリメント・ヘルスケアブランド向け折りたたみカートンをMOQ 500個から受注。GS1 DataMatrix ECC200対応、オフセット175LPI、可変データ印刷・シリアライゼーション対応。型紙無料・世界配送のB2B工場直販。無料型紙・サンプル対応・品質検査・世界中への出荷に対応。","https://www.bestpackfactory.com/ja/products/pharmaceutical-folding-cartons.html","","0","Answer|Brand|BreadcrumbList|FAQPage|ListItem|Offer|Organization|Product|PropertyValue|Question","","34","yes"
"/ja/products/pizza-packaging-boxes.html","https://www.bestpackfactory.com/ja/products/pizza-packaging-boxes.html","content-site/ja/products/pizza-packaging-boxes.html","locale_mirror","public","ピザパッケージボックス | MOQ 500個 | BestPackFactory","ピザパッケージボックス","1","ピザパッケージボックスをMOQ 500個から受注。サイズ・素材（クラフト紙・白板紙250〜400gsm、段ボールEフルート）・耐油コーティング・印刷・仕上げをカスタマイズ。サンプル、品質管理、世界配送のB2B工場直販。無料型紙・サンプル対応・品質検査・世界中への出荷に対応。","https://www.bestpackfactory.com/ja/products/pizza-packaging-boxes.html","","0","Answer|Brand|BreadcrumbList|FAQPage|ListItem|Offer|Organization|Product|PropertyValue|Question","","32","yes"
"/ja/products/tin-boxes.html","https://www.bestpackfactory.com/ja/products/tin-boxes.html","content-site/ja/products/tin-boxes.html","locale_mirror","public","缶箱 | MOQ 500個 | BestPackFactory","缶箱","1","ギフト・食品用オリジナル缶箱をMOQ 500個から受注。ティンプレート0.23〜0.28mm、食品対応内面ラッカー、CMYKオフセット印刷、エンボス加工に対応。ヒンジ蓋・スリップ蓋・窓付き缶など各種構造。型紙無料の工場直販。無料型紙・サンプル対応・品質検査・世界中への出荷に対応。","https://www.bestpackfactory.com/ja/products/tin-boxes.html","","0","Answer|Brand|BreadcrumbList|FAQPage|ListItem|Offer|Organization|Product|PropertyValue|Question","","34","yes"
"/ja/products/wine-magnetic-gift-boxes.html","https://www.bestpackfactory.com/ja/products/wine-magnetic-gift-boxes.html","content-site/ja/products/wine-magnetic-gift-boxes.html","locale_mirror","public","ワイン用マグネットギフト箱 | MOQ 500個 | BestPackFactory","ワイン用マグネットギフト箱","1","ボトルサイズ・重量に合わせて設計するワイン用マグネットギフト箱をMOQ 500個から受注。ハード板紙＋アート紙貼り、EVA・ベルベット・紙製インナー、箔押し・エンボス仕上げに対応。型紙無料・世界配送の工場直販。無料型紙・サンプル対応・品質検査・世界中への出荷に対応。","https://www.bestpackfactory.com/ja/products/wine-magnetic-gift-boxes.html","","0","Answer|Brand|BreadcrumbList|FAQPage|ListItem|Offer|Organization|Product|PropertyValue|Question","","34","yes"
"/materials.html","https://www.bestpackfactory.com/materials.html","content-site/materials.html","category_hub","public","Packaging Materials: Paper, Board & Flexible Films","Packaging Materials","1","Static SEO material hub for custom packaging buyers: kraft paper, white card, corrugated board, recyclable and compostable packaging options.","https://www.bestpackfactory.com/materials.html","index, follow, max-image-preview:large, max-snippet:-1, max-video-preview:-1","0","BreadcrumbList|ImageObject|ListItem|Organization|WebPage","","42","yes"
"/materials/compostable-packaging.html","https://www.bestpackfactory.com/materials/compostable-packaging.html","content-site/materials/compostable-packaging.html","material","public","Compostable Packaging | Custom Packaging Material Guide","Compostable Packaging","1","Compostable stand-up pouches and paper packaging options for sustainability-focused brands.","https://www.bestpackfactory.com/materials/compostable-packaging.html","index, follow, max-image-preview:large, max-snippet:-1, max-video-preview:-1","0","BreadcrumbList|ImageObject|ListItem|Organization|WebPage","","36","yes"
"/materials/corrugated-packaging.html","https://www.bestpackfactory.com/materials/corrugated-packaging.html","content-site/materials/corrugated-packaging.html","material","public","Corrugated Packaging | Custom Packaging Material Guide","Corrugated Packaging","1","Corrugated mailer boxes and shipping packaging for ecommerce, retail kits and protective transport.","https://www.bestpackfactory.com/materials/corrugated-packaging.html","index, follow, max-image-preview:large, max-snippet:-1, max-video-preview:-1","0","BreadcrumbList|ImageObject|ListItem|Organization|WebPage","","36","yes"
"/materials/kraft-paper-packaging.html","https://www.bestpackfactory.com/materials/kraft-paper-packaging.html","content-site/materials/kraft-paper-packaging.html","material","public","Kraft Paper Packaging | Custom Packaging Material Guide","Kraft Paper Packaging","1","Natural kraft paper for coffee bags, paper bags, food boxes and eco-positioned retail packaging.","https://www.bestpackfactory.com/materials/kraft-paper-packaging.html","index, follow, max-image-preview:large, max-snippet:-1, max-video-preview:-1","0","BreadcrumbList|ImageObject|ListItem|Organization|WebPage","","36","yes"
"/materials/pet-pe-aluminum-film.html","https://www.bestpackfactory.com/materials/pet-pe-aluminum-film.html","content-site/materials/pet-pe-aluminum-film.html","material","public","PET, PE & Aluminum Flexible Packaging Materials","PET / PE / Aluminum Film Packaging","1","High-barrier PET, PE and aluminum foil laminated films for pouches, coffee bags, retort pouches, pharma packs and roll stock packaging.","https://www.bestpackfactory.com/materials/pet-pe-aluminum-film.html","index, follow, max-image-preview:large, max-snippet:-1, max-video-preview:-1","0","BreadcrumbList|ImageObject|ListItem|Organization|WebPage","","43","yes"
"/materials/recyclable-packaging.html","https://www.bestpackfactory.com/materials/recyclable-packaging.html","content-site/materials/recyclable-packaging.html","material","public","Recyclable Packaging | Custom Packaging Material Guide","Recyclable Packaging","1","Recyclable material options for paper packaging, mono-material pouches and brand sustainability projects.","https://www.bestpackfactory.com/materials/recyclable-packaging.html","index, follow, max-image-preview:large, max-snippet:-1, max-video-preview:-1","0","BreadcrumbList|ImageObject|ListItem|Organization|WebPage","","36","yes"
"/materials/white-cardboard-packaging.html","https://www.bestpackfactory.com/materials/white-cardboard-packaging.html","content-site/materials/white-cardboard-packaging.html","material","public","White Cardboard Packaging | Custom Packaging Material Guide","White Cardboard Packaging","1","White card and paperboard packaging for folding cartons, cosmetic boxes and food packaging boxes.","https://www.bestpackfactory.com/materials/white-cardboard-packaging.html","index, follow, max-image-preview:large, max-snippet:-1, max-video-preview:-1","0","BreadcrumbList|ImageObject|ListItem|Organization|WebPage","","36","yes"
"/news.html","https://www.bestpackfactory.com/news.html","content-site/news.html","other","public","Packaging News & Factory Updates | BestPackFactory","Packaging News for Global B2B Buyers","1","Packaging news and buyer updates about strategy, design, manufacturing, logistics, rigid boxes, mailer boxes, paper bags and luxury packaging.","https://www.bestpackfactory.com/news.html","index, follow, max-image-preview:large, max-snippet:-1, max-video-preview:-1","0","BreadcrumbList|CollectionPage|ListItem","","50","yes"
"/news/bestpackfactory-expands-low-moq-support-global-buyers.html","https://www.bestpackfactory.com/news/bestpackfactory-expands-low-moq-support-global-buyers.html","content-site/news/bestpackfactory-expands-low-moq-support-global-buyers.html","news","public","BestPackFactory Expands Low-MOQ Support","BestPackFactory Expands Low-MOQ Support for Global B2B Buyers","1","Factory Update: BestPackFactory increases production capacity for small-batch custom packaging (MOQ 500 PCS) for global buyers.","https://www.bestpackfactory.com/news/bestpackfactory-expands-low-moq-support-global-buyers.html","","0","Article|BreadcrumbList|ImageObject|ListItem|Organization|Person|WebPage","","20","yes"
"/news/bestpackfactory-faster-sampling-dieline-support-update.html","https://www.bestpackfactory.com/news/bestpackfactory-faster-sampling-dieline-support-update.html","content-site/news/bestpackfactory-faster-sampling-dieline-support-update.html","news","public","Faster Packaging Sampling & Dieline Support","Faster Sampling & Dieline Support for Custom Packaging Projects","1","Factory Update: Lead time for packaging prototypes and dieline support reduced to improve brand time-to-market.","https://www.bestpackfactory.com/news/bestpackfactory-faster-sampling-dieline-support-update.html","","0","Article|BreadcrumbList|ImageObject|ListItem|Organization|Person|WebPage","","19","yes"
"/news/bestpackfactory-new-rfq-guidance-system-launch.html","https://www.bestpackfactory.com/news/bestpackfactory-new-rfq-guidance-system-launch.html","content-site/news/bestpackfactory-new-rfq-guidance-system-launch.html","news","public","New RFQ Guidance for Overseas Packaging Buyers","New RFQ Guidance System Launched for Overseas Packaging Buyers","1","Factory Update: BestPackFactory launches a new technical RFQ system to help buyers provide better specs for faster quoting.","https://www.bestpackfactory.com/news/bestpackfactory-new-rfq-guidance-system-launch.html","","0","Article|BreadcrumbList|ImageObject|ListItem|Organization|Person|WebPage","","19","yes"
"/news/bestpackfactory-one-stop-packaging-solutions-update.html","https://www.bestpackfactory.com/news/bestpackfactory-one-stop-packaging-solutions-update.html","content-site/news/bestpackfactory-one-stop-packaging-solutions-update.html","news","public","One-Stop Solutions for Boxes, Bags & Labels","Strengthening One-Stop Solutions for Boxes, Bags & Labels","1","Factory Update: Integration of box, bag, and label manufacturing for streamlined B2B packaging procurement.","https://www.bestpackfactory.com/news/bestpackfactory-one-stop-packaging-solutions-update.html","","0","Article|BreadcrumbList|ImageObject|ListItem|Organization|Person|WebPage","","21","yes"
"/news/bestpackfactory-one-stop-strategy-design-manufacturing-logistics-model.html","https://www.bestpackfactory.com/news/bestpackfactory-one-stop-strategy-design-manufacturing-logistics-model.html","content-site/news/bestpackfactory-one-stop-strategy-design-manufacturing-logistics-model.html","news","public","BestPackFactory One-Stop Packaging Model","BestPackFactory Builds a One-Stop Packaging Model: Strategy, Design, Manufacturing and Logistics","1","Company news explaining how BestPackFactory supports B2B packaging buyers beyond boxes by linking strategy, design, sampling, production and logistics.","https://www.bestpackfactory.com/news/bestpackfactory-one-stop-strategy-design-manufacturing-logistics-model.html","index, follow, max-image-preview:large, max-snippet:-1, max-video-preview:-1","0","Answer|Article|BreadcrumbList|FAQPage|ImageObject|ListItem|Organization|Person|Question|WebPage","","44","yes"
"/news/eu-ppwr-2026-custom-packaging-box-compliance-checklist.html","https://www.bestpackfactory.com/news/eu-ppwr-2026-custom-packaging-box-compliance-checklist.html","content-site/news/eu-ppwr-2026-custom-packaging-box-compliance-checklist.html","news","public","EU PPWR 2026 Packaging Checklist | BestPackFactory","EU PPWR Now Applies: A 2026 Custom Packaging Box Checklist","1","PPWR applies from August 12, 2026. Review custom box recyclability, documentation, labeling, empty space, supplier data and phased deadlines.","https://www.bestpackfactory.com/news/eu-ppwr-2026-custom-packaging-box-compliance-checklist.html","index, follow, max-image-preview:large, max-snippet:-1, max-video-preview:-1","0","Answer|BreadcrumbList|FAQPage|ImageObject|ListItem|NewsArticle|Organization|Person|Question|WebPage","","30","yes"
"/news/luxury-packaging-trends-custom-gift-boxes-rigid-boxes-paper-bags.html","https://www.bestpackfactory.com/news/luxury-packaging-trends-custom-gift-boxes-rigid-boxes-paper-bags.html","content-site/news/luxury-packaging-trends-custom-gift-boxes-rigid-boxes-paper-bags.html","news","public","Luxury Packaging Trends for Premium Brands","Luxury Packaging Trends: Custom Gift Boxes, Rigid Boxes and Paper Bags for Premium Brands","1","News and buyer insight on luxury packaging trends for perfume, jewelry, cosmetics, gift boxes and premium paper bags.","https://www.bestpackfactory.com/news/luxury-packaging-trends-custom-gift-boxes-rigid-boxes-paper-bags.html","index, follow, max-image-preview:large, max-snippet:-1, max-video-preview:-1","0","Answer|Article|BreadcrumbList|FAQPage|ImageObject|ListItem|Organization|Person|Question|WebPage","","44","yes"
"/news/magnetic-packaging-mailer-boxes-b2b-sourcing-update.html","https://www.bestpackfactory.com/news/magnetic-packaging-mailer-boxes-b2b-sourcing-update.html","content-site/news/magnetic-packaging-mailer-boxes-b2b-sourcing-update.html","news","public","Magnetic & Mailer Box B2B Sourcing Update","Magnetic Packaging and Mailer Boxes: B2B Sourcing Update for Retail and Ecommerce Brands","1","A sourcing update comparing magnetic packaging, mailer boxes and rigid boxes for ecommerce, retail and gifting projects.","https://www.bestpackfactory.com/news/magnetic-packaging-mailer-boxes-b2b-sourcing-update.html","index, follow, max-image-preview:large, max-snippet:-1, max-video-preview:-1","0","Answer|Article|BreadcrumbList|FAQPage|ImageObject|ListItem|Organization|Person|Question|WebPage","","44","yes"
"/news/packaging-logistics-optimization-for-gift-boxes-paper-bags-inserts.html","https://www.bestpackfactory.com/news/packaging-logistics-optimization-for-gift-boxes-paper-bags-inserts.html","content-site/news/packaging-logistics-optimization-for-gift-boxes-paper-bags-inserts.html","news","public","Packaging Logistics for Gift Boxes & Bags","Packaging Logistics Optimization for Gift Boxes, Paper Bags and Inserts","1","Buyer-focused news on how structure choice, packing method and carton planning affect packaging logistics cost and delivery risk.","https://www.bestpackfactory.com/news/packaging-logistics-optimization-for-gift-boxes-paper-bags-inserts.html","index, follow, max-image-preview:large, max-snippet:-1, max-video-preview:-1","0","Answer|Article|BreadcrumbList|FAQPage|ImageObject|ListItem|Organization|Person|Question|WebPage","","44","yes"
"/packaging-buyer-answer-hub.html","https://www.bestpackfactory.com/packaging-buyer-answer-hub.html","content-site/packaging-buyer-answer-hub.html","buyer_rfq_hub","public","Packaging Buyer Answer Hub | BestPackFactory","Packaging Buyer Answer Hub","1","AI-friendly packaging buyer answer hub with concise answers, product links and procurement guide links for MOQ, RFQ, coffee bags, pet food bags, pharma.","https://www.bestpackfactory.com/packaging-buyer-answer-hub.html","","0","BreadcrumbList|ListItem|Thing|WebPage","","71","yes"
"/packaging-procurement-hub.html","https://www.bestpackfactory.com/packaging-procurement-hub.html","content-site/packaging-procurement-hub.html","buyer_rfq_hub","public","Custom Packaging Procurement Hub | BestPackFactory","Custom Packaging Procurement Hub","1","B2B custom packaging procurement hub for MOQ 500 PCS factory quotes, dieline, sampling, material selection, QC and worldwide shipping.","https://www.bestpackfactory.com/packaging-procurement-hub.html","","0","Answer|BreadcrumbList|FAQPage|ListItem|Offer|Organization|PriceSpecification|Question|Service|Thing|WebPage|WebSite","","34","yes"
"/products.html","https://www.bestpackfactory.com/products.html","content-site/products.html","category_hub","public","Custom Packaging Products | MOQ 500 PCS | BestPackFactory","B2B Custom Packaging Products","1","Compare 70+ custom packaging products for B2B sourcing, including boxes, pouches, coffee bags, pet food bags, labels and bottles. MOQ starts at 500 PCS.","https://www.bestpackfactory.com/products.html","index, follow, max-image-preview:large, max-snippet:-1, max-video-preview:-1","0","BreadcrumbList|CollectionPage|ItemList|ListItem","","131","yes"
"/products/1kg-coffee-bean-bags.html","https://www.bestpackfactory.com/products/1kg-coffee-bean-bags.html","content-site/products/1kg-coffee-bean-bags.html","product_or_category","public","1kg Coffee Bean Bags | MOQ 500 PCS | BestPackFactory","1kg Coffee Bean Bags","1","1kg coffee bean bags in flat-bottom or side-gusset form, with a Ø9–12 mm one-way degassing valve and high-barrier film to OTR ≤ 0.8 cc/m²·day. MOQ 500 PCS.","https://www.bestpackfactory.com/products/1kg-coffee-bean-bags.html","index, follow, max-image-preview:large, max-snippet:-1, max-video-preview:-1","0","Answer|Brand|BreadcrumbList|FAQPage|ListItem|Offer|Organization|Product|PropertyValue|QuantitativeValue|Question","","39","yes"
"/products/250g-coffee-bags-with-valve.html","https://www.bestpackfactory.com/products/250g-coffee-bags-with-valve.html","content-site/products/250g-coffee-bags-with-valve.html","product_or_category","public","250g Coffee Bags With Valve | MOQ 500 PCS | BestPackFactory","250g Coffee Bags With Valve","1","250g coffee bags with a one-way degassing valve set 35–55 mm below the top seal, a 6–8 mm press-to-close zipper and high-barrier laminate. MOQ 500 PCS.","https://www.bestpackfactory.com/products/250g-coffee-bags-with-valve.html","index, follow, max-image-preview:large, max-snippet:-1, max-video-preview:-1","0","Answer|Brand|BreadcrumbList|FAQPage|ListItem|Offer|Organization|Product|PropertyValue|QuantitativeValue|Question","","39","yes"
"/products/500g-flat-bottom-coffee-bags.html","https://www.bestpackfactory.com/products/500g-flat-bottom-coffee-bags.html","content-site/products/500g-flat-bottom-coffee-bags.html","product_or_category","public","500g Flat Bottom Coffee Bags | MOQ 500 PCS | BestPackFactory","500g Flat Bottom Coffee Bags","1","500g flat-bottom coffee bags with five printable panels, degassing valve, resealable zipper and side seals tested to ≥ 35 N / 15 mm. MOQ 500 PCS.","https://www.bestpackfactory.com/products/500g-flat-bottom-coffee-bags.html","index, follow, max-image-preview:large, max-snippet:-1, max-video-preview:-1","0","Answer|Brand|BreadcrumbList|FAQPage|ListItem|Offer|Organization|Product|PropertyValue|QuantitativeValue|Question","","39","yes"
"/products/bakery-donut-packaging-boxes.html","https://www.bestpackfactory.com/products/bakery-donut-packaging-boxes.html","content-site/products/bakery-donut-packaging-boxes.html","product_or_category","public","Bakery Donut Boxes | MOQ 500 PCS | BestPackFactory","Bakery Donut Boxes","1","Donut and bakery boxes on 300–350gsm food-grade board with window options and a grease-resistant coating held to Cobb60 ≤ 35 g/m². MOQ 500 PCS.","https://www.bestpackfactory.com/products/bakery-donut-packaging-boxes.html","index, follow, max-image-preview:large, max-snippet:-1, max-video-preview:-1","0","Brand|BreadcrumbList|ListItem|Offer|Organization|Product|PropertyValue|QuantitativeValue","","38","yes"
"/products/bakery-paper-bags.html","https://www.bestpackfactory.com/products/bakery-paper-bags.html","content-site/products/bakery-paper-bags.html","product_or_category","public","Bakery Paper Bags | MOQ 500 PCS | BestPackFactory","Bakery Paper Bags","1","Bakery paper bags on food-grade kraft with grease-resistant coating and optional windows, sized for bread, pastries, cookies and counter service.","https://www.bestpackfactory.com/products/bakery-paper-bags.html","index, follow, max-image-preview:large, max-snippet:-1, max-video-preview:-1","0","Answer|Brand|BreadcrumbList|FAQPage|ListItem|Offer|Organization|Product|PropertyValue|QuantitativeValue|Question","","40","yes"
"/products/burger-packaging-boxes.html","https://www.bestpackfactory.com/products/burger-packaging-boxes.html","content-site/products/burger-packaging-boxes.html","product_or_category","public","Burger Packaging Boxes | MOQ 500 PCS | BestPackFactory","Burger Packaging Boxes","1","Burger boxes on 300gsm C1S or food-grade kraft board with a Kit 8+ grease-resistant coating and clamshell or tuck-top lock. MOQ 500 PCS.","https://www.bestpackfactory.com/products/burger-packaging-boxes.html","index, follow, max-image-preview:large, max-snippet:-1, max-video-preview:-1","0","Brand|BreadcrumbList|ListItem|Offer|Organization|Product|PropertyValue|QuantitativeValue","","37","yes"
"/products/cannabis-child-resistant-bags.html","https://www.bestpackfactory.com/products/cannabis-child-resistant-bags.html","content-site/products/cannabis-child-resistant-bags.html","product_or_category","public","Cannabis CR Pouches | MOQ 500 PCS | BestPackFactory","Child Resistant Cannabis Bags","1","Child-resistant cannabis bags with an ASTM D3475-style double-lock zipper, aluminium foil barrier to OTR ≤ 0.5 cc/m²·day and opaque film. MOQ 500 PCS.","https://www.bestpackfactory.com/products/cannabis-child-resistant-bags.html","index, follow, max-image-preview:large, max-snippet:-1, max-video-preview:-1","0","Brand|BreadcrumbList|ListItem|Offer|Organization|Product|PropertyValue|QuantitativeValue","","37","yes"
"/products/cannabis-flower-packaging-bags.html","https://www.bestpackfactory.com/products/cannabis-flower-packaging-bags.html","content-site/products/cannabis-flower-packaging-bags.html","product_or_category","public","Cannabis Flower Packaging Bags | MOQ 500 PCS | BestPackFactory","Cannabis Flower Packaging Bags","1","Cannabis flower bags in smell-proof foil laminate with a resealable zipper and an opaque light barrier for light-sensitive product. MOQ 500 PCS.","https://www.bestpackfactory.com/products/cannabis-flower-packaging-bags.html","index, follow, max-image-preview:large, max-snippet:-1, max-video-preview:-1","0","Answer|Brand|BreadcrumbList|FAQPage|ListItem|Offer|Organization|Product|PropertyValue|QuantitativeValue|Question","","39","yes"
"/products/cannabis-mylar-bags.html","https://www.bestpackfactory.com/products/cannabis-mylar-bags.html","content-site/products/cannabis-mylar-bags.html","product_or_category","public","Cannabis Mylar Bags | MOQ 500 PCS | BestPackFactory","Cannabis Mylar Bags","1","Cannabis mylar bags in a PET / aluminium foil / PE laminate, smell-proof to OTR ≤ 0.5 cc/m²·day, with an optional child-resistant zipper. MOQ 500 PCS.","https://www.bestpackfactory.com/products/cannabis-mylar-bags.html","index, follow, max-image-preview:large, max-snippet:-1, max-video-preview:-1","0","Answer|Brand|BreadcrumbList|FAQPage|ListItem|Offer|Organization|Product|PropertyValue|QuantitativeValue|Question","","40","yes"
"/products/cannabis-stand-up-pouches.html","https://www.bestpackfactory.com/products/cannabis-stand-up-pouches.html","content-site/products/cannabis-stand-up-pouches.html","product_or_category","public","Cannabis Stand-Up Pouch Manufacturer | Child-Resistant | MOQ 500 | BestPackFactory","Cannabis Stand-Up Pouches","1","Custom cannabis stand-up pouches with child-resistant zipper, smell-proof foil laminate and compliant labelling.","https://www.bestpackfactory.com/products/cannabis-stand-up-pouches.html","index, follow, max-image-preview:large, max-snippet:-1, max-video-preview:-1","0","Answer|Brand|BreadcrumbList|FAQPage|ListItem|Offer|Organization|Product|PropertyValue|QuantitativeValue|Question","","42","yes"
"/products/cbd-gummies-packaging-bags.html","https://www.bestpackfactory.com/products/cbd-gummies-packaging-bags.html","content-site/products/cbd-gummies-packaging-bags.html","product_or_category","public","CBD Gummies Packaging Bags | MOQ 500 PCS | BestPackFactory","CBD Gummies Packaging Bags","1","CBD gummies pouches in foil mylar with a child-resistant zipper option and moisture barrier held to WVTR ≤ 0.5 g/m²·day. MOQ 500 PCS.","https://www.bestpackfactory.com/products/cbd-gummies-packaging-bags.html","index, follow, max-image-preview:large, max-snippet:-1, max-video-preview:-1","0","Answer|Brand|BreadcrumbList|FAQPage|ListItem|Offer|Organization|Product|PropertyValue|QuantitativeValue|Question","","40","yes"
"/products/child-resistant-cannabis-mylar-bags.html","https://www.bestpackfactory.com/products/child-resistant-cannabis-mylar-bags.html","content-site/products/child-resistant-cannabis-mylar-bags.html","product_or_category","public","Child Resistant Mylar Bags | MOQ 500 PCS | BestPackFactory","Child Resistant Cannabis Mylar Bags","1","Child-resistant cannabis mylar bags with a 7–10 mm double-lock zipper and an opaque aluminium barrier layer.","https://www.bestpackfactory.com/products/child-resistant-cannabis-mylar-bags.html","index, follow, max-image-preview:large, max-snippet:-1, max-video-preview:-1","0","Answer|Brand|BreadcrumbList|FAQPage|ListItem|Offer|Organization|Product|PropertyValue|QuantitativeValue|Question","","40","yes"
"/products/coffee-bags.html","https://www.bestpackfactory.com/products/coffee-bags.html","content-site/products/coffee-bags.html","product_or_category","public","Coffee Bags | MOQ 500 PCS | BestPackFactory","Coffee Bags","1","Custom coffee bags in flat-bottom, side-gusset and stand-up formats for 250 g to 1 kg fills, with degassing valve and high-barrier laminate. MOQ 500 PCS.","https://www.bestpackfactory.com/products/coffee-bags.html","index, follow, max-image-preview:large, max-snippet:-1, max-video-preview:-1","0","Answer|Brand|BreadcrumbList|FAQPage|ListItem|Offer|Organization|Product|PropertyValue|QuantitativeValue|Question","","39","yes"
"/products/collagen-powder-packaging-pouches.html","https://www.bestpackfactory.com/products/collagen-powder-packaging-pouches.html","content-site/products/collagen-powder-packaging-pouches.html","product_or_category","public","Collagen Powder Packaging Pouches | MOQ 500 PCS | BestPackFactory","Collagen Powder Packaging Pouches","1","Collagen powder pouches in 90–160 µm laminate with a metalised moisture barrier to WVTR ≤ 1.2 g/m²·day and heat seals at ≥ 35 N / 15 mm. MOQ 500 PCS.","https://www.bestpackfactory.com/products/collagen-powder-packaging-pouches.html","index, follow, max-image-preview:large, max-snippet:-1, max-video-preview:-1","0","Answer|Brand|BreadcrumbList|FAQPage|ListItem|Offer|Organization|Product|PropertyValue|QuantitativeValue|Question","","39","yes"
"/products/custom-black-foldable-magnetic-gift-boxes-tissue-paper-stickers.html","https://www.bestpackfactory.com/products/custom-black-foldable-magnetic-gift-boxes-tissue-paper-stickers.html","content-site/products/custom-black-foldable-magnetic-gift-boxes-tissue-paper-stickers.html","product_or_category","public","Custom Black Foldable Magnetic Gift Boxes with Tissue Paper & Stickers","Custom Black Foldable Magnetic Gift Boxes with Tissue Paper & Stickers","1","Black foldable magnetic gift boxes that ship flat, on 1200–1800gsm greyboard with black art paper wrap, printed tissue paper and sticker seals.","https://www.bestpackfactory.com/products/custom-black-foldable-magnetic-gift-boxes-tissue-paper-stickers.html","","0","Brand|BreadcrumbList|ListItem|Offer|Organization|Product|PropertyValue|QuantitativeValue","","40","yes"
"/products/custom-black-magnetic-cosmetic-box-with-foam-insert.html","https://www.bestpackfactory.com/products/custom-black-magnetic-cosmetic-box-with-foam-insert.html","content-site/products/custom-black-magnetic-cosmetic-box-with-foam-insert.html","product_or_category","public","Black Magnetic Cosmetic Boxes with Foam Inserts","Custom Black Magnetic Cosmetic Boxes with Die-Cut Foam Inserts","1","Custom black magnetic cosmetic boxes with precision die-cut foam inserts, gold foil logos and fitted cavities for bottles, jars and beauty tools.","https://www.bestpackfactory.com/products/custom-black-magnetic-cosmetic-box-with-foam-insert.html","index, follow, max-image-preview:large, max-snippet:-1, max-video-preview:-1","0","Answer|Brand|BreadcrumbList|FAQPage|ListItem|Offer|Organization|Product|PropertyValue|QuantitativeValue|Question","","33","yes"
"/products/custom-black-magnetic-gift-box-set.html","https://www.bestpackfactory.com/products/custom-black-magnetic-gift-box-set.html","content-site/products/custom-black-magnetic-gift-box-set.html","product_or_category","public","Custom Black Magnetic Gift Boxes with Branded Tissue Paper","Custom Black Magnetic Gift Boxes with Branded Tissue Paper","1","Custom black magnetic gift boxes with gold foil branding, printed tissue paper, stickers and thank-you cards for premium retail packaging. MOQ 500 PCS.","https://www.bestpackfactory.com/products/custom-black-magnetic-gift-box-set.html","index, follow, max-image-preview:large, max-snippet:-1, max-video-preview:-1","0","Answer|Brand|BreadcrumbList|FAQPage|ListItem|Offer|Organization|Product|PropertyValue|QuantitativeValue|Question","","31","yes"
"/products/custom-black-magnetic-jewelry-box-with-velvet-pouch.html","https://www.bestpackfactory.com/products/custom-black-magnetic-jewelry-box-with-velvet-pouch.html","content-site/products/custom-black-magnetic-jewelry-box-with-velvet-pouch.html","product_or_category","public","Black Magnetic Jewelry Boxes with Velvet Pouches","Custom Black Magnetic Jewelry Gift Boxes with Velvet Pouches","1","Custom black magnetic jewelry gift boxes with gold foil logos, branded tissue paper, sticker seals, cards and velvet drawstring pouches. MOQ 500 PCS.","https://www.bestpackfactory.com/products/custom-black-magnetic-jewelry-box-with-velvet-pouch.html","index, follow, max-image-preview:large, max-snippet:-1, max-video-preview:-1","0","Answer|Brand|BreadcrumbList|FAQPage|ListItem|Offer|Organization|Product|PropertyValue|QuantitativeValue|Question","","31","yes"
"/products/custom-blush-pink-floral-rigid-gift-boxes-lift-off-lid.html","https://www.bestpackfactory.com/products/custom-blush-pink-floral-rigid-gift-boxes-lift-off-lid.html","content-site/products/custom-blush-pink-floral-rigid-gift-boxes-lift-off-lid.html","product_or_category","public","Blush Pink Floral Rigid Gift Boxes | BestPackFactory","Custom Blush Pink Floral Rigid Gift Boxes with Lift-Off Lid","1","Custom blush pink floral rigid gift boxes with lift-off lids, botanical printing and foil logos for cosmetics, fragrance, jewelry and gifts. MOQ 500 PCS.","https://www.bestpackfactory.com/products/custom-blush-pink-floral-rigid-gift-boxes-lift-off-lid.html","index, follow, max-image-preview:large, max-snippet:-1, max-video-preview:-1","0","Answer|Brand|BreadcrumbList|FAQPage|ListItem|Offer|Organization|Product|PropertyValue|QuantitativeValue|Question","","31","yes"
"/products/custom-blush-pink-magnetic-gift-box.html","https://www.bestpackfactory.com/products/custom-blush-pink-magnetic-gift-box.html","content-site/products/custom-blush-pink-magnetic-gift-box.html","product_or_category","public","Custom Pink Magnetic Gift Boxes | BestPackFactory","Custom Blush Pink Magnetic Gift Boxes with Branded Tissue Paper","1","Custom blush pink magnetic gift boxes with branded tissue paper, sticker seals, cards and envelopes for beauty, fashion and gifting. MOQ 500 PCS.","https://www.bestpackfactory.com/products/custom-blush-pink-magnetic-gift-box.html","index, follow, max-image-preview:large, max-snippet:-1, max-video-preview:-1","0","Answer|Brand|BreadcrumbList|FAQPage|ListItem|Offer|Organization|Product|PropertyValue|QuantitativeValue|Question","","31","yes"
"/products/custom-boxes-moq-500.html","https://www.bestpackfactory.com/products/custom-boxes-moq-500.html","content-site/products/custom-boxes-moq-500.html","product_or_category","public","Custom Boxes MOQ 500 | Factory Direct | BestPackFactory","Custom Boxes MOQ 500","1","Custom boxes with 500 PCS minimum order quantity. Corrugated mailer boxes, rigid gift boxes and folding cartons with custom size, printing and finish.","https://www.bestpackfactory.com/products/custom-boxes-moq-500.html","index, follow, max-image-preview:large, max-snippet:-1, max-video-preview:-1","0","Answer|Brand|BreadcrumbList|FAQPage|ListItem|Offer|Organization|Product|PropertyValue|QuantitativeValue|Question","","42","yes"
"/products/custom-boxes.html","https://www.bestpackfactory.com/products/custom-boxes.html","content-site/products/custom-boxes.html","product_or_category","public","Custom Boxes | MOQ 500 PCS | BestPackFactory","Custom Boxes","1","Custom boxes in E, B and BC flute, 3-ply or 5-ply, on 120–170gsm kraft liner to a 32 ECT export target, flexo or offset printed. MOQ 500 PCS.","https://www.bestpackfactory.com/products/custom-boxes.html","index, follow, max-image-preview:large, max-snippet:-1, max-video-preview:-1","0","Answer|Brand|BreadcrumbList|FAQPage|ListItem|Offer|Organization|Product|PropertyValue|QuantitativeValue|Question","","56","yes"
"/products/custom-cannabis-packaging.html","https://www.bestpackfactory.com/products/custom-cannabis-packaging.html","content-site/products/custom-cannabis-packaging.html","product_or_category","public","Custom Cannabis Packaging | MOQ 500 PCS | BestPackFactory","Custom Cannabis Packaging","1","Custom cannabis packaging across mylar bags, pre-roll boxes and jars, with child-resistant closure options and space reserved for state compliance panels.","https://www.bestpackfactory.com/products/custom-cannabis-packaging.html","index, follow, max-image-preview:large, max-snippet:-1, max-video-preview:-1","0","Brand|BreadcrumbList|ImageObject|ListItem|Offer|Organization|Product|PropertyValue|QuantitativeValue|WebPage","","59","yes"
"/products/custom-coffee-bags.html","https://www.bestpackfactory.com/products/custom-coffee-bags.html","content-site/products/custom-coffee-bags.html","product_or_category","public","Custom Coffee Bags | MOQ 500 PCS | BestPackFactory","Custom Coffee Bags","1","Custom printed coffee bags specified around your fill weight, roast date and shelf-life target, with valve, zipper and kraft or matte film options.","https://www.bestpackfactory.com/products/custom-coffee-bags.html","index, follow, max-image-preview:large, max-snippet:-1, max-video-preview:-1","0","Brand|BreadcrumbList|ImageObject|ListItem|Offer|Organization|Product|PropertyValue|QuantitativeValue|WebPage","","62","yes"
"/products/custom-compostable-stand-up-pouches.html","https://www.bestpackfactory.com/products/custom-compostable-stand-up-pouches.html","content-site/products/custom-compostable-stand-up-pouches.html","product_or_category","public","Custom Compostable Stand Up Pouches | BestPackFactory","Custom Compostable Stand Up Pouches","1","Compostable stand-up pouches in kraft / NKME / PLA and NK / NKME / PBS structures, with a compostable zipper and seals at ≥ 25 N / 15 mm. MOQ 500 PCS.","https://www.bestpackfactory.com/products/custom-compostable-stand-up-pouches.html","index, follow, max-image-preview:large, max-snippet:-1, max-video-preview:-1","0","Answer|Brand|BreadcrumbList|FAQPage|ListItem|Offer|Organization|Product|PropertyValue|QuantitativeValue|Question","","46","yes"
"/products/custom-cosmetic-compact-packaging-boxes-die-cut-inserts.html","https://www.bestpackfactory.com/products/custom-cosmetic-compact-packaging-boxes-die-cut-inserts.html","content-site/products/custom-cosmetic-compact-packaging-boxes-die-cut-inserts.html","product_or_category","public","Cosmetic Compact Packaging Boxes | BestPackFactory","Custom Cosmetic Compact Packaging Boxes with Die-Cut Inserts","1","Custom cosmetic compact packaging boxes with die-cut inserts, hinged rigid lids and foil logos for highlighters, powders and makeup gift sets. MOQ 500 PCS.","https://www.bestpackfactory.com/products/custom-cosmetic-compact-packaging-boxes-die-cut-inserts.html","index, follow, max-image-preview:large, max-snippet:-1, max-video-preview:-1","0","Answer|Brand|BreadcrumbList|FAQPage|ListItem|Offer|Organization|Product|PropertyValue|QuantitativeValue|Question","","31","yes"
"/products/custom-cosmetic-packaging-boxes.html","https://www.bestpackfactory.com/products/custom-cosmetic-packaging-boxes.html","content-site/products/custom-cosmetic-packaging-boxes.html","product_or_category","public","Cosmetic Packaging Boxes | MOQ 500 PCS | BestPackFactory","Custom Cosmetic Packaging Boxes","1","Cosmetic packaging boxes in magnetic, lift-off lid, drawer and book-style structures on 1.8–2.8 mm greyboard, with corner gaps held under 1.5 mm.","https://www.bestpackfactory.com/products/custom-cosmetic-packaging-boxes.html","index, follow, max-image-preview:large, max-snippet:-1, max-video-preview:-1","0","Answer|Brand|BreadcrumbList|FAQPage|ListItem|Offer|Organization|Product|PropertyValue|QuantitativeValue|Question","","42","yes"
"/products/custom-cosmetic-packaging.html","https://www.bestpackfactory.com/products/custom-cosmetic-packaging.html","content-site/products/custom-cosmetic-packaging.html","product_or_category","public","Custom Cosmetic Packaging | MOQ 500 PCS | BestPackFactory","Custom Cosmetic Packaging","1","Custom cosmetic packaging across rigid boxes, folding cartons, tubes and labels, matched as one set to a single brand colour and finish standard.","https://www.bestpackfactory.com/products/custom-cosmetic-packaging.html","index, follow, max-image-preview:large, max-snippet:-1, max-video-preview:-1","0","Brand|BreadcrumbList|ImageObject|ListItem|Offer|Organization|Product|PropertyValue|QuantitativeValue|WebPage","","63","yes"
"/products/custom-dark-green-magnetic-gift-box-set.html","https://www.bestpackfactory.com/products/custom-dark-green-magnetic-gift-box-set.html","content-site/products/custom-dark-green-magnetic-gift-box-set.html","product_or_category","public","Custom Green Magnetic Gift Boxes | BestPackFactory","Custom Dark Green Magnetic Gift Boxes with Tissue & Velvet Pouch","1","Custom dark green magnetic gift boxes with gold foil logos, branded tissue paper, sticker seals, cards and velvet pouches. B2B MOQ 500 PCS.","https://www.bestpackfactory.com/products/custom-dark-green-magnetic-gift-box-set.html","index, follow, max-image-preview:large, max-snippet:-1, max-video-preview:-1","0","Answer|Brand|BreadcrumbList|FAQPage|ListItem|Offer|Organization|Product|PropertyValue|QuantitativeValue|Question","","31","yes"
"/products/custom-dusty-rose-magnetic-gift-box-with-pouch.html","https://www.bestpackfactory.com/products/custom-dusty-rose-magnetic-gift-box-with-pouch.html","content-site/products/custom-dusty-rose-magnetic-gift-box-with-pouch.html","product_or_category","public","Dusty Rose Magnetic Gift Boxes with Pouches","Custom Dusty Rose Magnetic Gift Boxes with Drawstring Pouches","1","Custom dusty rose magnetic gift boxes with gold foil logos, branded tissue paper, thank-you cards, envelopes and soft drawstring pouches. MOQ 500 PCS.","https://www.bestpackfactory.com/products/custom-dusty-rose-magnetic-gift-box-with-pouch.html","index, follow, max-image-preview:large, max-snippet:-1, max-video-preview:-1","0","Answer|Brand|BreadcrumbList|FAQPage|ListItem|Offer|Organization|Product|PropertyValue|QuantitativeValue|Question","","31","yes"
"/products/custom-embossed-bridal-gift-boxes-satin-ribbon.html","https://www.bestpackfactory.com/products/custom-embossed-bridal-gift-boxes-satin-ribbon.html","content-site/products/custom-embossed-bridal-gift-boxes-satin-ribbon.html","product_or_category","public","Embossed Bridal Gift Boxes with Ribbon | BestPackFactory","Custom Embossed Bridal Gift Boxes with Satin Ribbon","1","Custom embossed bridal gift boxes with satin ribbon, botanical relief and gold foil logos for wedding favors, jewelry, invitations and keepsakes.","https://www.bestpackfactory.com/products/custom-embossed-bridal-gift-boxes-satin-ribbon.html","index, follow, max-image-preview:large, max-snippet:-1, max-video-preview:-1","0","Answer|Brand|BreadcrumbList|FAQPage|ListItem|Offer|Organization|Product|PropertyValue|QuantitativeValue|Question","","31","yes"
"/products/custom-embossed-floral-jewelry-gift-boxes-ribbon-pull.html","https://www.bestpackfactory.com/products/custom-embossed-floral-jewelry-gift-boxes-ribbon-pull.html","content-site/products/custom-embossed-floral-jewelry-gift-boxes-ribbon-pull.html","product_or_category","public","Embossed Floral Jewelry Gift Boxes | BestPackFactory","Custom Embossed Floral Jewelry Gift Boxes with Ribbon Pull","1","Custom embossed floral jewelry gift boxes with ribbon-pull opening, foil logo and premium paper wrap for jewelry, accessories and beauty sets. MOQ 500 PCS.","https://www.bestpackfactory.com/products/custom-embossed-floral-jewelry-gift-boxes-ribbon-pull.html","index, follow, max-image-preview:large, max-snippet:-1, max-video-preview:-1","0","Answer|Brand|BreadcrumbList|FAQPage|ListItem|Offer|Organization|Product|PropertyValue|QuantitativeValue|Question","","31","yes"
"/products/custom-embossed-paper-shopping-bags-ribbon-handles.html","https://www.bestpackfactory.com/products/custom-embossed-paper-shopping-bags-ribbon-handles.html","content-site/products/custom-embossed-paper-shopping-bags-ribbon-handles.html","product_or_category","public","Embossed Paper Shopping Bags with Ribbon | BestPackFactory","Custom Embossed Paper Shopping Bags with Ribbon Handles","1","Custom embossed paper shopping bags with ribbon handles, floral relief and foil logos for cosmetics, jewelry, boutiques and premium retail. MOQ 500 PCS.","https://www.bestpackfactory.com/products/custom-embossed-paper-shopping-bags-ribbon-handles.html","index, follow, max-image-preview:large, max-snippet:-1, max-video-preview:-1","0","Answer|Brand|BreadcrumbList|FAQPage|ListItem|Offer|Organization|Product|PropertyValue|QuantitativeValue|Question","","32","yes"
"/products/custom-flat-bottom-pouches.html","https://www.bestpackfactory.com/products/custom-flat-bottom-pouches.html","content-site/products/custom-flat-bottom-pouches.html","product_or_category","public","Custom Flat Bottom Pouches | MOQ 500 PCS | BestPackFactory","Custom Flat Bottom Pouches","1","Custom flat-bottom pouches with five printable panels and shelf stability when filled, plus zipper, valve and tear-notch options. MOQ 500 PCS.","https://www.bestpackfactory.com/products/custom-flat-bottom-pouches.html","index, follow, max-image-preview:large, max-snippet:-1, max-video-preview:-1","0","Brand|BreadcrumbList|ImageObject|ListItem|Offer|Organization|Product|PropertyValue|QuantitativeValue|WebPage","","59","yes"
"/products/custom-floral-embossed-beauty-gift-boxes-skincare-sets.html","https://www.bestpackfactory.com/products/custom-floral-embossed-beauty-gift-boxes-skincare-sets.html","content-site/products/custom-floral-embossed-beauty-gift-boxes-skincare-sets.html","product_or_category","public","Floral Embossed Beauty Gift Boxes | BestPackFactory","Custom Floral Embossed Beauty Gift Boxes for Skincare Sets","1","Custom floral embossed beauty gift boxes for skincare, cosmetics and wellness sets with premium paper, foil logo and fitted insert options.","https://www.bestpackfactory.com/products/custom-floral-embossed-beauty-gift-boxes-skincare-sets.html","index, follow, max-image-preview:large, max-snippet:-1, max-video-preview:-1","0","Answer|Brand|BreadcrumbList|FAQPage|ListItem|Offer|Organization|Product|PropertyValue|QuantitativeValue|Question","","31","yes"
"/products/custom-floral-paper-gift-bags-ribbon-closure.html","https://www.bestpackfactory.com/products/custom-floral-paper-gift-bags-ribbon-closure.html","content-site/products/custom-floral-paper-gift-bags-ribbon-closure.html","product_or_category","public","Floral Paper Gift Bags with Ribbon Closure | BestPackFactory","Custom Floral Paper Gift Bags with Ribbon Closure","1","Custom floral paper gift bags with ribbon closure, butterfly printing and foil logo bands for beauty, fragrance, boutiques and event gifting. MOQ 500 PCS.","https://www.bestpackfactory.com/products/custom-floral-paper-gift-bags-ribbon-closure.html","index, follow, max-image-preview:large, max-snippet:-1, max-video-preview:-1","0","Answer|Brand|BreadcrumbList|FAQPage|ListItem|Offer|Organization|Product|PropertyValue|QuantitativeValue|Question","","32","yes"
"/products/custom-floral-rigid-gift-boxes-gold-foil-logo.html","https://www.bestpackfactory.com/products/custom-floral-rigid-gift-boxes-gold-foil-logo.html","content-site/products/custom-floral-rigid-gift-boxes-gold-foil-logo.html","product_or_category","public","Floral Rigid Gift Boxes with Gold Foil | BestPackFactory","Custom Floral Rigid Gift Boxes with Gold Foil Logo","1","Custom floral rigid gift boxes with gold foil logos and lift-off lids for perfume, cosmetics, accessories and luxury retail gift sets. Factory MOQ 500 PCS.","https://www.bestpackfactory.com/products/custom-floral-rigid-gift-boxes-gold-foil-logo.html","index, follow, max-image-preview:large, max-snippet:-1, max-video-preview:-1","0","Answer|Brand|BreadcrumbList|FAQPage|ListItem|Offer|Organization|Product|PropertyValue|QuantitativeValue|Question","","31","yes"
"/products/custom-folding-cartons.html","https://www.bestpackfactory.com/products/custom-folding-cartons.html","content-site/products/custom-folding-cartons.html","product_or_category","public","Custom Folding Cartons | MOQ 500 PCS | BestPackFactory","Custom Folding Cartons","1","Custom folding cartons in tuck-end, crash-lock and sleeve styles, with window patching, foil and coating options. Free dieline in 24 hours, MOQ 500 PCS.","https://www.bestpackfactory.com/products/custom-folding-cartons.html","index, follow, max-image-preview:large, max-snippet:-1, max-video-preview:-1","0","Brand|BreadcrumbList|ImageObject|ListItem|Offer|Organization|Product|PropertyValue|QuantitativeValue|WebPage","","72","yes"
"/products/custom-food-packaging.html","https://www.bestpackfactory.com/products/custom-food-packaging.html","content-site/products/custom-food-packaging.html","product_or_category","legacy_redirect_source","Custom Food Packaging | MOQ 500 PCS | BestPackFactory","Custom Food Packaging","1","Custom food packaging for bakery, takeaway and QSR brands, with board grade, coating, window and printing selected by food type and serving temperature.","https://www.bestpackfactory.com/products/custom-food-packaging.html","index, follow, max-image-preview:large, max-snippet:-1, max-video-preview:-1","0","Brand|BreadcrumbList|ImageObject|ListItem|Offer|Organization|Product|PropertyValue|QuantitativeValue|WebPage","","49","yes"
"/products/custom-ivory-magnetic-gift-box-set.html","https://www.bestpackfactory.com/products/custom-ivory-magnetic-gift-box-set.html","content-site/products/custom-ivory-magnetic-gift-box-set.html","product_or_category","public","Custom Ivory Magnetic Gift Boxes with Embossed Logo & Tissue Paper","Custom Ivory Magnetic Gift Boxes with Embossed Logo & Tissue Paper","1","Custom ivory magnetic gift boxes with embossed panels, gold foil logos, tissue paper, stickers, cards and optional fabric pouches. MOQ 500 PCS.","https://www.bestpackfactory.com/products/custom-ivory-magnetic-gift-box-set.html","index, follow, max-image-preview:large, max-snippet:-1, max-video-preview:-1","0","Answer|Brand|BreadcrumbList|FAQPage|ListItem|Offer|Organization|Product|PropertyValue|QuantitativeValue|Question","","31","yes"
"/products/custom-ivory-magnetic-gift-box-with-peach-tissue-pouch.html","https://www.bestpackfactory.com/products/custom-ivory-magnetic-gift-box-with-peach-tissue-pouch.html","content-site/products/custom-ivory-magnetic-gift-box-with-peach-tissue-pouch.html","product_or_category","public","Ivory Magnetic Gift Boxes with Peach Tissue & Pouches","Custom Ivory Magnetic Gift Boxes with Peach Tissue & Suede Pouches","1","Custom ivory magnetic gift boxes with gold foil logos, peach tissue paper, sticker seals, thank-you cards, envelopes and suede-look pouches. MOQ 500 PCS.","https://www.bestpackfactory.com/products/custom-ivory-magnetic-gift-box-with-peach-tissue-pouch.html","index, follow, max-image-preview:large, max-snippet:-1, max-video-preview:-1","0","Answer|Brand|BreadcrumbList|FAQPage|ListItem|Offer|Organization|Product|PropertyValue|QuantitativeValue|Question","","31","yes"
"/products/custom-jewelry-packaging-boxes-inserts-pouches.html","https://www.bestpackfactory.com/products/custom-jewelry-packaging-boxes-inserts-pouches.html","content-site/products/custom-jewelry-packaging-boxes-inserts-pouches.html","product_or_category","public","Jewelry Boxes with Inserts & Suede Pouches | BestPackFactory","Custom Jewelry Packaging Boxes with Precision Inserts & Suede Pouches","1","Custom jewelry packaging boxes with precision-cut inserts, suede-look pouches, gold foil logos and literature compartments. Factory-direct MOQ 500 PCS.","https://www.bestpackfactory.com/products/custom-jewelry-packaging-boxes-inserts-pouches.html","index, follow, max-image-preview:large, max-snippet:-1, max-video-preview:-1","0","Answer|Brand|BreadcrumbList|FAQPage|ListItem|Offer|Organization|Product|PropertyValue|QuantitativeValue|Question","","33","yes"
"/products/custom-keepsake-gift-boxes-compartments-baby-book-sets.html","https://www.bestpackfactory.com/products/custom-keepsake-gift-boxes-compartments-baby-book-sets.html","content-site/products/custom-keepsake-gift-boxes-compartments-baby-book-sets.html","product_or_category","public","Keepsake Gift Boxes with Compartments | BestPackFactory","Custom Keepsake Gift Boxes with Compartments for Baby & Book Sets","1","Custom keepsake gift boxes with compartments, hinged rigid lids, ribbon closures and botanical printing for baby gifts, books and curated sets.","https://www.bestpackfactory.com/products/custom-keepsake-gift-boxes-compartments-baby-book-sets.html","index, follow, max-image-preview:large, max-snippet:-1, max-video-preview:-1","0","Answer|Brand|BreadcrumbList|FAQPage|ListItem|Offer|Organization|Product|PropertyValue|QuantitativeValue|Question","","32","yes"
"/products/custom-labels-stickers.html","https://www.bestpackfactory.com/products/custom-labels-stickers.html","content-site/products/custom-labels-stickers.html","product_or_category","public","Custom Labels & Stickers | MOQ 500 PCS | BestPackFactory","Custom Labels & Stickers","1","Custom labels and stickers in roll, sheet and die-cut formats, with face stock, adhesive and finish selected for your surface and storage conditions.","https://www.bestpackfactory.com/products/custom-labels-stickers.html","index, follow, max-image-preview:large, max-snippet:-1, max-video-preview:-1","0","Brand|BreadcrumbList|ImageObject|ListItem|Offer|Organization|Product|PropertyValue|QuantitativeValue|WebPage","","65","yes"
"/products/custom-lavender-cosmetic-magnetic-gift-box.html","https://www.bestpackfactory.com/products/custom-lavender-cosmetic-magnetic-gift-box.html","content-site/products/custom-lavender-cosmetic-magnetic-gift-box.html","product_or_category","public","Lavender Cosmetic Gift Boxes | BestPackFactory","Custom Lavender Magnetic Cosmetic Gift Boxes with Foam Inserts","1","Custom lavender magnetic cosmetic gift boxes with die-cut foam inserts for bottles, jars and skincare sets. Silver foil branding and MOQ 500 PCS.","https://www.bestpackfactory.com/products/custom-lavender-cosmetic-magnetic-gift-box.html","index, follow, max-image-preview:large, max-snippet:-1, max-video-preview:-1","0","Answer|Brand|BreadcrumbList|FAQPage|ListItem|Offer|Organization|Product|PropertyValue|QuantitativeValue|Question","","31","yes"
"/products/custom-luxury-apparel-magnetic-boxes-tissue-paper.html","https://www.bestpackfactory.com/products/custom-luxury-apparel-magnetic-boxes-tissue-paper.html","content-site/products/custom-luxury-apparel-magnetic-boxes-tissue-paper.html","product_or_category","public","Apparel Magnetic Boxes with Tissue Paper | BestPackFactory","Custom Luxury Apparel Magnetic Boxes with Branded Tissue Paper","1","Custom luxury apparel magnetic boxes with branded tissue paper, sticker seals and foil logos for clothing, scarves and premium e-commerce orders.","https://www.bestpackfactory.com/products/custom-luxury-apparel-magnetic-boxes-tissue-paper.html","index, follow, max-image-preview:large, max-snippet:-1, max-video-preview:-1","0","Answer|Brand|BreadcrumbList|FAQPage|ListItem|Offer|Organization|Product|PropertyValue|QuantitativeValue|Question","","34","yes"
"/products/custom-luxury-candle-boxes-rigid-inserts.html","https://www.bestpackfactory.com/products/custom-luxury-candle-boxes-rigid-inserts.html","content-site/products/custom-luxury-candle-boxes-rigid-inserts.html","product_or_category","public","Luxury Candle Boxes with Fitted Inserts | BestPackFactory","Custom Luxury Candle Boxes with Rigid Construction & Fitted Inserts","1","Custom luxury candle boxes with rigid construction, gold foil logos and fitted inserts for candle jars, vessels and premium home-fragrance gifts.","https://www.bestpackfactory.com/products/custom-luxury-candle-boxes-rigid-inserts.html","index, follow, max-image-preview:large, max-snippet:-1, max-video-preview:-1","0","Answer|Brand|BreadcrumbList|FAQPage|ListItem|Offer|Organization|Product|PropertyValue|QuantitativeValue|Question","","32","yes"
"/products/custom-luxury-cosmetic-boxes-eva-inserts.html","https://www.bestpackfactory.com/products/custom-luxury-cosmetic-boxes-eva-inserts.html","content-site/products/custom-luxury-cosmetic-boxes-eva-inserts.html","product_or_category","public","Luxury Cosmetic Boxes with EVA Inserts | BestPackFactory","Custom Luxury Cosmetic Packaging Boxes with Precision-Cut EVA Inserts","1","Custom luxury cosmetic packaging boxes with precision-cut EVA inserts, gold foil logos and fitted cavities for skincare, makeup and beauty tools.","https://www.bestpackfactory.com/products/custom-luxury-cosmetic-boxes-eva-inserts.html","index, follow, max-image-preview:large, max-snippet:-1, max-video-preview:-1","0","Answer|Brand|BreadcrumbList|FAQPage|ListItem|Offer|Organization|Product|PropertyValue|QuantitativeValue|Question","","35","yes"
"/products/custom-luxury-gift-boxes-manufacturer-premium-rigid-gift-packaging.html","https://www.bestpackfactory.com/products/custom-luxury-gift-boxes-manufacturer-premium-rigid-gift-packaging.html","content-site/products/custom-luxury-gift-boxes-manufacturer-premium-rigid-gift-packaging.html","product_or_category","public","Custom Luxury Gift Boxes Manufacturer | BestPackFactory","Custom Luxury Gift Boxes Manufacturer","1","Luxury rigid gift boxes on 1200–1800gsm greyboard with hot foil, embossed or spot UV logos and EVA, moulded pulp or satin-lined inserts. MOQ 500 PCS.","https://www.bestpackfactory.com/products/custom-luxury-gift-boxes-manufacturer-premium-rigid-gift-packaging.html","","0","Brand|BreadcrumbList|ListItem|Offer|Organization|Product|PropertyValue|QuantitativeValue","","47","yes"
"/products/custom-luxury-rigid-drawer-boxes-eva-inserts.html","https://www.bestpackfactory.com/products/custom-luxury-rigid-drawer-boxes-eva-inserts.html","content-site/products/custom-luxury-rigid-drawer-boxes-eva-inserts.html","product_or_category","public","Luxury Rigid Drawer Boxes with EVA Inserts | BestPackFactory","Custom Luxury Rigid Drawer Boxes with Gold Foil Logo & EVA Inserts","1","Custom luxury rigid drawer boxes with gold foil logos and precision-cut EVA inserts for beauty, fragrance and premium product sets. B2B MOQ 500 PCS.","https://www.bestpackfactory.com/products/custom-luxury-rigid-drawer-boxes-eva-inserts.html","index, follow, max-image-preview:large, max-snippet:-1, max-video-preview:-1","0","Answer|Brand|BreadcrumbList|FAQPage|ListItem|Offer|Organization|Product|PropertyValue|QuantitativeValue|Question","","33","yes"
"/products/custom-magnetic-closure-gift-boxes-pouch-tissue.html","https://www.bestpackfactory.com/products/custom-magnetic-closure-gift-boxes-pouch-tissue.html","content-site/products/custom-magnetic-closure-gift-boxes-pouch-tissue.html","product_or_category","public","Magnetic Gift Boxes with Pouch & Tissue | BestPackFactory","Custom Magnetic Closure Gift Boxes with Branded Pouch & Tissue Paper","1","Custom magnetic closure gift boxes with branded tissue paper, thank-you cards and soft drawstring pouches for luxury retail and gifting. MOQ 500 PCS.","https://www.bestpackfactory.com/products/custom-magnetic-closure-gift-boxes-pouch-tissue.html","index, follow, max-image-preview:large, max-snippet:-1, max-video-preview:-1","0","Answer|Brand|BreadcrumbList|FAQPage|ListItem|Offer|Organization|Product|PropertyValue|QuantitativeValue|Question","","31","yes"
"/products/custom-packaging-boxes.html","https://www.bestpackfactory.com/products/custom-packaging-boxes.html","content-site/products/custom-packaging-boxes.html","product_or_category","public","Custom Packaging Boxes | MOQ 500 PCS | BestPackFactory","Custom Packaging Boxes","1","Custom packaging boxes in corrugated mailer, folding carton and rigid formats, with structure, board and finish chosen against product weight and.","https://www.bestpackfactory.com/products/custom-packaging-boxes.html","index, follow, max-image-preview:large, max-snippet:-1, max-video-preview:-1","0","Brand|BreadcrumbList|ImageObject|ListItem|Offer|Organization|Product|PropertyValue|QuantitativeValue|WebPage","","83","yes"
"/products/custom-paper-bags-wholesale.html","https://www.bestpackfactory.com/products/custom-paper-bags-wholesale.html","content-site/products/custom-paper-bags-wholesale.html","product_or_category","public","Custom Paper Bags Wholesale | MOQ 500 | BestPackFactory","Custom Paper Bags Wholesale","1","Wholesale custom paper bags with your logo. Kraft, art paper, coated and recycled options. Rope, ribbon and die-cut handles.","https://www.bestpackfactory.com/products/custom-paper-bags-wholesale.html","index, follow, max-image-preview:large, max-snippet:-1, max-video-preview:-1","0","Answer|Brand|BreadcrumbList|FAQPage|ListItem|Offer|Organization|PriceSpecification|Product|PropertyValue|QuantitativeValue|Question","","42","yes"
"/products/custom-paper-bags.html","https://www.bestpackfactory.com/products/custom-paper-bags.html","content-site/products/custom-paper-bags.html","product_or_category","legacy_redirect_source","Custom Paper Bags | MOQ 500 PCS | BestPackFactory","Custom Paper Bags","1","Custom paper bags for retail, gift and takeaway use in kraft or coated card, with rope, ribbon, twisted paper or die-cut handles. MOQ 500 PCS.","https://www.bestpackfactory.com/products/custom-paper-bags.html","index, follow, max-image-preview:large, max-snippet:-1, max-video-preview:-1","0","Brand|BreadcrumbList|ImageObject|ListItem|Offer|Organization|Product|PropertyValue|QuantitativeValue|WebPage","","47","yes"
"/products/custom-perfume-packaging-boxes-flocked-inserts.html","https://www.bestpackfactory.com/products/custom-perfume-packaging-boxes-flocked-inserts.html","content-site/products/custom-perfume-packaging-boxes-flocked-inserts.html","product_or_category","public","Perfume Boxes with Flocked Inserts | BestPackFactory","Custom Perfume Packaging Boxes with Gold Foil Logo & Flocked Inserts","1","Custom perfume packaging boxes with gold foil logos and precision-cut flocked inserts for fragrance bottles, discovery sets and luxury launches.","https://www.bestpackfactory.com/products/custom-perfume-packaging-boxes-flocked-inserts.html","index, follow, max-image-preview:large, max-snippet:-1, max-video-preview:-1","0","Answer|Brand|BreadcrumbList|FAQPage|ListItem|Offer|Organization|Product|PropertyValue|QuantitativeValue|Question","","32","yes"
"/products/custom-pharmaceutical-packaging.html","https://www.bestpackfactory.com/products/custom-pharmaceutical-packaging.html","content-site/products/custom-pharmaceutical-packaging.html","product_or_category","public","Custom Pharmaceutical Packaging | MOQ 500 PCS | BestPackFactory","Custom Pharmaceutical Packaging","1","Custom pharmaceutical packaging from folding cartons to serialised secondary packs, specified around your dose form, destination market and coding.","https://www.bestpackfactory.com/products/custom-pharmaceutical-packaging.html","index, follow, max-image-preview:large, max-snippet:-1, max-video-preview:-1","0","Brand|BreadcrumbList|ImageObject|ListItem|Offer|Organization|Product|PropertyValue|QuantitativeValue|WebPage","","63","yes"
"/products/custom-pizza-boxes.html","https://www.bestpackfactory.com/products/custom-pizza-boxes.html","content-site/products/custom-pizza-boxes.html","product_or_category","public","Custom Pizza Boxes | MOQ 500 PCS | BestPackFactory","Custom Pizza Boxes","1","Custom printed pizza boxes in corrugated E or B flute and kraft board, flexo or offset printed, with grease-resistant coating and vent options.","https://www.bestpackfactory.com/products/custom-pizza-boxes.html","index, follow, max-image-preview:large, max-snippet:-1, max-video-preview:-1","0","Answer|Brand|BreadcrumbList|FAQPage|ListItem|Offer|Organization|Product|PropertyValue|QuantitativeValue|Question","","39","yes"
"/products/custom-pp-ring-binder-folders.html","https://www.bestpackfactory.com/products/custom-pp-ring-binder-folders.html","content-site/products/custom-pp-ring-binder-folders.html","product_or_category","public","Custom PP Ring Binder Folders | MOQ 500 PCS | BestPackFactory","Custom PP Ring Binder Folders","1","Custom PP ring binder folders in 600–1000 micron polypropylene, with 2, 3 or 4-ring mechanisms in A4, US Letter and European formats. MOQ 500 PCS.","https://www.bestpackfactory.com/products/custom-pp-ring-binder-folders.html","index, follow, max-image-preview:large, max-snippet:-1, max-video-preview:-1","0","Brand|BreadcrumbList|ListItem|Offer|Organization|Product|PropertyValue|QuantitativeValue","","45","yes"
"/products/custom-pr-boxes-influencer-kits-compartment-inserts.html","https://www.bestpackfactory.com/products/custom-pr-boxes-influencer-kits-compartment-inserts.html","content-site/products/custom-pr-boxes-influencer-kits-compartment-inserts.html","product_or_category","public","Custom PR Boxes for Influencer Kits with Multi-Compartment Inserts","Custom PR Boxes for Influencer Kits with Multi-Compartment Inserts","1","Custom PR boxes for influencer kits and product launches with multi-compartment inserts, branded cards, tissue wraps and optional pouches. MOQ 500 PCS.","https://www.bestpackfactory.com/products/custom-pr-boxes-influencer-kits-compartment-inserts.html","index, follow, max-image-preview:large, max-snippet:-1, max-video-preview:-1","0","Answer|Brand|BreadcrumbList|FAQPage|ListItem|Offer|Organization|Product|PropertyValue|QuantitativeValue|Question","","35","yes"
"/products/custom-printed-tape.html","https://www.bestpackfactory.com/products/custom-printed-tape.html","content-site/products/custom-printed-tape.html","product_or_category","public","Custom Printed Tape | MOQ 500 PCS | BestPackFactory","Custom Printed Tape","1","Custom printed packaging tape in 45–72 mm widths on BOPP film, with a water-based acrylic adhesive at 18–22gsm coat weight. MOQ 500 PCS.","https://www.bestpackfactory.com/products/custom-printed-tape.html","index, follow, max-image-preview:large, max-snippet:-1, max-video-preview:-1","0","Answer|Brand|BreadcrumbList|FAQPage|ListItem|Offer|Organization|Product|PropertyValue|QuantitativeValue|Question","","41","yes"
"/products/custom-printed-tissue-paper.html","https://www.bestpackfactory.com/products/custom-printed-tissue-paper.html","content-site/products/custom-printed-tissue-paper.html","product_or_category","public","Custom Printed Tissue Paper | MOQ 500 PCS | BestPackFactory","Custom Printed Tissue Paper","1","Custom printed tissue paper in 17, 22 and 28gsm, flexo, silk screen or hot foil printed, with PMS spot colour held to ΔE ≤ 3.0. MOQ 500 PCS.","https://www.bestpackfactory.com/products/custom-printed-tissue-paper.html","index, follow, max-image-preview:large, max-snippet:-1, max-video-preview:-1","0","Answer|Brand|BreadcrumbList|FAQPage|ListItem|Offer|Organization|Product|PropertyValue|QuantitativeValue|Question","","40","yes"
"/products/custom-retort-pouches-ready-meal-packaging.html","https://www.bestpackfactory.com/products/custom-retort-pouches-ready-meal-packaging.html","content-site/products/custom-retort-pouches-ready-meal-packaging.html","product_or_category","public","Custom Retort Pouches for Ready Meal Packaging | BestPackFactory","Custom Retort Pouches for Ready Meal Packaging","1","Retort pouches for ready meals, sterilisable at 121–135°C for 30 to 60 minutes, with foil barrier, ≥ 15 N puncture resistance and ≥ 50 N / 15 mm seals.","https://www.bestpackfactory.com/products/custom-retort-pouches-ready-meal-packaging.html","index, follow, max-image-preview:large, max-snippet:-1, max-video-preview:-1","0","Answer|Brand|BreadcrumbList|FAQPage|ListItem|Offer|Organization|Product|PropertyValue|QuantitativeValue|Question","","43","yes"
"/products/custom-ribbon-pull-gift-boxes-floral-foil-printing.html","https://www.bestpackfactory.com/products/custom-ribbon-pull-gift-boxes-floral-foil-printing.html","content-site/products/custom-ribbon-pull-gift-boxes-floral-foil-printing.html","product_or_category","public","Ribbon Pull Gift Boxes with Floral Foil | BestPackFactory","Custom Ribbon Pull Gift Boxes with Floral Foil Printing","1","Custom ribbon pull gift boxes with floral foil printing, specialty paper and custom logo bands for jewelry, cosmetics and seasonal gift programs.","https://www.bestpackfactory.com/products/custom-ribbon-pull-gift-boxes-floral-foil-printing.html","index, follow, max-image-preview:large, max-snippet:-1, max-video-preview:-1","0","Answer|Brand|BreadcrumbList|FAQPage|ListItem|Offer|Organization|Product|PropertyValue|QuantitativeValue|Question","","32","yes"
"/products/custom-ribbon.html","https://www.bestpackfactory.com/products/custom-ribbon.html","content-site/products/custom-ribbon.html","product_or_category","public","Custom Ribbon | MOQ 500 PCS | BestPackFactory","Custom Ribbon","1","Custom printed ribbon in 10–25 mm polyester, hot foil or silk screen printed with your logo, supplied on 100 yard rolls. MOQ 500 PCS.","https://www.bestpackfactory.com/products/custom-ribbon.html","index, follow, max-image-preview:large, max-snippet:-1, max-video-preview:-1","0","Brand|BreadcrumbList|ImageObject|ListItem|Offer|Organization|Product|PropertyValue|QuantitativeValue|WebPage","","61","yes"
"/products/custom-rigid-boxes.html","https://www.bestpackfactory.com/products/custom-rigid-boxes.html","content-site/products/custom-rigid-boxes.html","product_or_category","public","Rigid Gift Boxes Manufacturer | MOQ 500 | BestPackFactory","Custom Rigid Gift Boxes","1","Custom rigid gift boxes with magnetic, lid-and-base, drawer, shoulder-neck or foldable structures. MOQ 500 PCS. Send specifications for a factory quote.","https://www.bestpackfactory.com/products/custom-rigid-boxes.html","index, follow, max-image-preview:large, max-snippet:-1, max-video-preview:-1","0","Answer|Brand|BreadcrumbList|FAQPage|ListItem|Offer|Product|PropertyValue|QuantitativeValue|Question|WebPage","","70","yes"
"/products/custom-roll-stock-film-snack-protein-bar.html","https://www.bestpackfactory.com/products/custom-roll-stock-film-snack-protein-bar.html","content-site/products/custom-roll-stock-film-snack-protein-bar.html","product_or_category","public","Custom Roll Stock Film for Snack & Protein Bar Packaging","Custom Roll Stock Film for Snack & Protein Bar Packaging","1","Roll stock film for snack and protein bar lines, 50–1000 mm wide with COF 0.20–0.35 for VFFS and HFFS machines and eye-mark registration. MOQ 500 PCS.","https://www.bestpackfactory.com/products/custom-roll-stock-film-snack-protein-bar.html","index, follow, max-image-preview:large, max-snippet:-1, max-video-preview:-1","0","Answer|Brand|BreadcrumbList|FAQPage|ListItem|Offer|Organization|Product|PropertyValue|QuantitativeValue|Question","","40","yes"
"/products/custom-shrink-sleeve-labels-bottles-cans.html","https://www.bestpackfactory.com/products/custom-shrink-sleeve-labels-bottles-cans.html","content-site/products/custom-shrink-sleeve-labels-bottles-cans.html","product_or_category","public","Shrink Sleeve Labels for Cans & Bottles | BestPackFactory","Custom Shrink Sleeve Labels for Cans & Bottles","1","Custom shrink sleeve labels for beer cans, aluminum cans and bottles. Compare film, supply format, artwork and application requirements from MOQ 500 PCS.","https://www.bestpackfactory.com/products/custom-shrink-sleeve-labels-bottles-cans.html","index, follow, max-image-preview:large, max-snippet:-1, max-video-preview:-1","0","Answer|Brand|BreadcrumbList|FAQPage|ListItem|Offer|Organization|Product|PropertyValue|QuantitativeValue|Question","","41","yes"
"/products/custom-spout-pouches-sauce-baby-food.html","https://www.bestpackfactory.com/products/custom-spout-pouches-sauce-baby-food.html","content-site/products/custom-spout-pouches-sauce-baby-food.html","product_or_category","public","Custom Spout Pouches for Sauce & Baby Food Packaging","Custom Spout Pouches for Sauce & Baby Food Packaging","1","Spout pouches for sauce and baby food with 8.5–22 mm spouts in centre or corner position, liquid-tight seals at ≥ 40 N / 15 mm, from 50 ml to 2 L.","https://www.bestpackfactory.com/products/custom-spout-pouches-sauce-baby-food.html","index, follow, max-image-preview:large, max-snippet:-1, max-video-preview:-1","0","Answer|Brand|BreadcrumbList|FAQPage|ListItem|Offer|Organization|Product|PropertyValue|QuantitativeValue|Question","","41","yes"
"/products/custom-spout-pouches.html","https://www.bestpackfactory.com/products/custom-spout-pouches.html","content-site/products/custom-spout-pouches.html","product_or_category","public","Custom Spout Pouches | MOQ 500 PCS | BestPackFactory","Custom Spout Pouches","1","Custom spout pouches for liquids, purées and gels, with spout diameter, cap type and barrier film matched to your filling line. MOQ 500 PCS.","https://www.bestpackfactory.com/products/custom-spout-pouches.html","index, follow, max-image-preview:large, max-snippet:-1, max-video-preview:-1","0","Brand|BreadcrumbList|ImageObject|ListItem|Offer|Organization|Product|PropertyValue|QuantitativeValue|WebPage","","59","yes"
"/products/custom-stand-up-pouches.html","https://www.bestpackfactory.com/products/custom-stand-up-pouches.html","content-site/products/custom-stand-up-pouches.html","product_or_category","public","Stand-Up Pouches Manufacturer | MOQ 500 | BestPackFactory","Custom Printed Stand-Up Pouches","1","Custom stand-up pouches with zipper, valve, window and project-specific barrier films for coffee, snacks, pet food and powders. MOQ 500 PCS.","https://www.bestpackfactory.com/products/custom-stand-up-pouches.html","index, follow, max-image-preview:large, max-snippet:-1, max-video-preview:-1","0","Answer|Brand|BreadcrumbList|FAQPage|ListItem|Offer|Product|PropertyValue|QuantitativeValue|Question|WebPage","","61","yes"
"/products/custom-tea-packaging-bags.html","https://www.bestpackfactory.com/products/custom-tea-packaging-bags.html","content-site/products/custom-tea-packaging-bags.html","product_or_category","public","Custom Tea Packaging Bags | MOQ 500 PCS | BestPackFactory","Custom Tea Packaging Bags","1","Custom tea packaging bags in stand-up, flat-bottom and side-gusset formats, with a resealable 6–8 mm zipper and barrier film that protects aroma.","https://www.bestpackfactory.com/products/custom-tea-packaging-bags.html","index, follow, max-image-preview:large, max-snippet:-1, max-video-preview:-1","0","Answer|Brand|BreadcrumbList|FAQPage|ListItem|Offer|Organization|Product|PropertyValue|QuantitativeValue|Question","","40","yes"
"/products/custom-tissue-paper.html","https://www.bestpackfactory.com/products/custom-tissue-paper.html","content-site/products/custom-tissue-paper.html","product_or_category","public","Custom Tissue Paper | MOQ 500 PCS | BestPackFactory","Custom Tissue Paper","1","Custom tissue paper for unboxing and retail wrap, in kraft or white stock, printed with your logo in one to four colours. MOQ 500 PCS.","https://www.bestpackfactory.com/products/custom-tissue-paper.html","index, follow, max-image-preview:large, max-snippet:-1, max-video-preview:-1","0","Brand|BreadcrumbList|ImageObject|ListItem|Offer|Organization|Product|PropertyValue|QuantitativeValue|WebPage","","61","yes"
"/products/dog-food-flat-bottom-bags.html","https://www.bestpackfactory.com/products/dog-food-flat-bottom-bags.html","content-site/products/dog-food-flat-bottom-bags.html","product_or_category","public","Dog Food Flat Bottom Bags | MOQ 500 PCS | BestPackFactory","Dog Food Flat Bottom Bags","1","Custom dog food flat bottom bags for pet brands. Compare fill weight, barrier, zipper, handle, artwork and drop-test requirements from MOQ 500 PCS.","https://www.bestpackfactory.com/products/dog-food-flat-bottom-bags.html","index, follow, max-image-preview:large, max-snippet:-1, max-video-preview:-1","0","Answer|Brand|BreadcrumbList|FAQPage|ListItem|Offer|Organization|Product|PropertyValue|QuantitativeValue|Question","","43","yes"
"/products/flexible-packaging.html","https://www.bestpackfactory.com/products/flexible-packaging.html","content-site/products/flexible-packaging.html","product_or_category","public","Flexible Packaging | MOQ 500 PCS | BestPackFactory","Flexible Packaging","1","Flexible packaging in 90–160 µm laminates with metalised or foil barriers, holding OTR ≤ 1.5 cc/m²·day and heat seals at ≥ 35 N / 15 mm. MOQ 500 PCS.","https://www.bestpackfactory.com/products/flexible-packaging.html","index, follow, max-image-preview:large, max-snippet:-1, max-video-preview:-1","0","Answer|Brand|BreadcrumbList|FAQPage|ListItem|Offer|Organization|Product|PropertyValue|QuantitativeValue|Question","","41","yes"
"/products/food-packaging.html","https://www.bestpackfactory.com/products/food-packaging.html","content-site/products/food-packaging.html","product_or_category","public","Food Packaging Boxes Manufacturer | BestPackFactory","Custom Food Packaging Boxes","1","Custom food packaging boxes for bakery, takeaway and meals. Select paperboard, coatings, windows and printing by food type and use conditions. MOQ 500 PCS.","https://www.bestpackfactory.com/products/food-packaging.html","index, follow, max-image-preview:large, max-snippet:-1, max-video-preview:-1","0","Answer|Brand|BreadcrumbList|FAQPage|ListItem|Offer|Organization|Product|PropertyValue|QuantitativeValue|Question","","61","yes"
"/products/fried-chicken-packaging-boxes.html","https://www.bestpackfactory.com/products/fried-chicken-packaging-boxes.html","content-site/products/fried-chicken-packaging-boxes.html","product_or_category","public","Fried Chicken Packaging Boxes | MOQ 500 PCS | BestPackFactory","Fried Chicken Packaging Boxes","1","Fried chicken boxes and buckets on grease-resistant board with a Kit 8+ coating, built to stay rigid under hot, oily fills. MOQ 500 PCS.","https://www.bestpackfactory.com/products/fried-chicken-packaging-boxes.html","index, follow, max-image-preview:large, max-snippet:-1, max-video-preview:-1","0","Brand|BreadcrumbList|ListItem|Offer|Organization|Product|PropertyValue|QuantitativeValue","","37","yes"
"/products/fries-packaging-boxes.html","https://www.bestpackfactory.com/products/fries-packaging-boxes.html","content-site/products/fries-packaging-boxes.html","product_or_category","public","Fries Packaging Boxes | MOQ 500 PCS | BestPackFactory","Fries Packaging Boxes","1","Fry cartons and scoops on 250–337gsm food-grade kraft with Kit 8+ grease resistance, in clip-together or pre-glued formats. MOQ 500 PCS.","https://www.bestpackfactory.com/products/fries-packaging-boxes.html","index, follow, max-image-preview:large, max-snippet:-1, max-video-preview:-1","0","Brand|BreadcrumbList|ListItem|Offer|Organization|Product|PropertyValue|QuantitativeValue","","37","yes"
"/products/gs1-pharma-packaging-boxes.html","https://www.bestpackfactory.com/products/gs1-pharma-packaging-boxes.html","content-site/products/gs1-pharma-packaging-boxes.html","product_or_category","public","GS1 Pharma Packaging | MOQ 500 PCS | BestPackFactory","GS1 Pharma Packaging","1","GS1-compliant pharma cartons carrying DataMatrix ECC200 codes at 0.30–0.50 mm module size, verified to ISO/IEC 15415 Grade A at print approval.","https://www.bestpackfactory.com/products/gs1-pharma-packaging-boxes.html","index, follow, max-image-preview:large, max-snippet:-1, max-video-preview:-1","0","Brand|BreadcrumbList|ListItem|Offer|Organization|Product|PropertyValue|QuantitativeValue","","38","yes"
"/products/kraft-paper-coffee-bags.html","https://www.bestpackfactory.com/products/kraft-paper-coffee-bags.html","content-site/products/kraft-paper-coffee-bags.html","product_or_category","public","Kraft Paper Coffee Bags | MOQ 500 PCS | BestPackFactory","Kraft Paper Coffee Bags","1","Kraft paper coffee bags on an 80gsm kraft / VMPET / PE laminate, so the outside stays natural kraft while the inside holds a high oxygen barrier.","https://www.bestpackfactory.com/products/kraft-paper-coffee-bags.html","index, follow, max-image-preview:large, max-snippet:-1, max-video-preview:-1","0","Answer|Brand|BreadcrumbList|FAQPage|ListItem|Offer|Organization|Product|PropertyValue|QuantitativeValue|Question","","42","yes"
"/products/labels-stickers.html","https://www.bestpackfactory.com/products/labels-stickers.html","content-site/products/labels-stickers.html","product_or_category","public","Labels & Stickers | MOQ 500 PCS | BestPackFactory","Labels & Stickers","1","Labels and stickers on coated paper, BOPP, PET, silver PET or holographic face stock, with permanent, removable or −20°C freezer adhesive. MOQ 500 PCS.","https://www.bestpackfactory.com/products/labels-stickers.html","index, follow, max-image-preview:large, max-snippet:-1, max-video-preview:-1","0","Brand|BreadcrumbList|ListItem|Offer|Organization|Product|PropertyValue|QuantitativeValue","","42","yes"
"/products/luxury-magnetic-boxes.html","https://www.bestpackfactory.com/products/luxury-magnetic-boxes.html","content-site/products/luxury-magnetic-boxes.html","product_or_category","public","Magnetic Gift Boxes Manufacturer | MOQ 500 | BestPackFactory","Luxury Magnetic Rigid Boxes","1","Custom magnetic gift boxes with rigid or foldable structures, branded finishes and fitted inserts. MOQ 500 PCS. Send specifications for a factory quote.","https://www.bestpackfactory.com/products/luxury-magnetic-boxes.html","index, follow, max-image-preview:large, max-snippet:-1, max-video-preview:-1","0","Answer|Brand|BreadcrumbList|FAQPage|ListItem|Offer|Product|PropertyValue|QuantitativeValue|Question|WebPage","","46","yes"
"/products/luxury-retail-paper-bags.html","https://www.bestpackfactory.com/products/luxury-retail-paper-bags.html","content-site/products/luxury-retail-paper-bags.html","product_or_category","public","Luxury Retail Paper Bags | MOQ 500 PCS | BestPackFactory","Luxury Retail Paper Bags","1","Luxury retail paper bags on 190–300gsm card with cotton rope or ribbon handles rated ≥ 12 kgf per pair and a reinforced bottom board. MOQ 500 PCS.","https://www.bestpackfactory.com/products/luxury-retail-paper-bags.html","index, follow, max-image-preview:large, max-snippet:-1, max-video-preview:-1","0","Answer|Brand|BreadcrumbList|FAQPage|ListItem|Offer|Organization|Product|PropertyValue|QuantitativeValue|Question","","39","yes"
"/products/matte-black-coffee-bags.html","https://www.bestpackfactory.com/products/matte-black-coffee-bags.html","content-site/products/matte-black-coffee-bags.html","product_or_category","public","Matte Black Coffee Bags | MOQ 500 PCS | BestPackFactory","Matte Black Coffee Bags","1","Matte black coffee bags in soft-touch matte BOPP with spot UV or hot foil logos, a one-way degassing valve and press-to-close zipper. MOQ 500 PCS.","https://www.bestpackfactory.com/products/matte-black-coffee-bags.html","index, follow, max-image-preview:large, max-snippet:-1, max-video-preview:-1","0","Answer|Brand|BreadcrumbList|FAQPage|ListItem|Offer|Organization|Product|PropertyValue|QuantitativeValue|Question","","41","yes"
"/products/medical-aesthetic-packaging-boxes.html","https://www.bestpackfactory.com/products/medical-aesthetic-packaging-boxes.html","content-site/products/medical-aesthetic-packaging-boxes.html","product_or_category","public","Custom Medical Aesthetic Packaging Boxes | BestPackFactory","Custom Medical Aesthetic Packaging Boxes","1","Medical aesthetic packaging boxes as magnetic rigid boxes or folding cartons, with tamper-evident seals, serialised coding and a fit check on container.","https://www.bestpackfactory.com/products/medical-aesthetic-packaging-boxes.html","","0","Answer|Brand|BreadcrumbList|FAQPage|ListItem|Offer|Organization|Product|PropertyValue|QuantitativeValue|Question","","21","yes"
"/products/paper-bags.html","https://www.bestpackfactory.com/products/paper-bags.html","content-site/products/paper-bags.html","product_or_category","public","Custom Paper Bags Manufacturer | MOQ 500 | BestPackFactory","Custom Printed Paper Bags","1","Custom printed paper bags for retail, gifts and takeaway use, with kraft or coated paper, multiple handle styles and branded finishes. MOQ 500 PCS.","https://www.bestpackfactory.com/products/paper-bags.html","index, follow, max-image-preview:large, max-snippet:-1, max-video-preview:-1","0","Answer|Brand|BreadcrumbList|FAQPage|ListItem|Offer|Product|PropertyValue|QuantitativeValue|Question|WebPage","","49","yes"
"/products/pet-bottles-candy-pharma.html","https://www.bestpackfactory.com/products/pet-bottles-candy-pharma.html","content-site/products/pet-bottles-candy-pharma.html","product_or_category","public","PET Bottles for Candy and Pharmaceutical Packaging","PET Bottles for Candy and Pharmaceutical Packaging","1","PET bottles and wide-mouth jars for gummies, mints and tablets from 30 to 500 ml, with induction-seal liners, tamper-evident bands and CR closures.","https://www.bestpackfactory.com/products/pet-bottles-candy-pharma.html","index, follow, max-image-preview:large, max-snippet:-1, max-video-preview:-1","0","Brand|BreadcrumbList|ListItem|Offer|Organization|Product|PropertyValue|QuantitativeValue","","37","yes"
"/products/pet-bottles.html","https://www.bestpackfactory.com/products/pet-bottles.html","content-site/products/pet-bottles.html","product_or_category","public","PET Bottles | MOQ 500 PCS | BestPackFactory","PET Bottles","1","Food-grade PET bottles from 30 ml to 1000 ml in clear, amber, blue or custom colour, with 18/410 to 38 mm necks and 0.45–1.20 mm walls. MOQ 500 PCS.","https://www.bestpackfactory.com/products/pet-bottles.html","index, follow, max-image-preview:large, max-snippet:-1, max-video-preview:-1","0","Brand|BreadcrumbList|ListItem|Offer|Organization|Product|PropertyValue|QuantitativeValue","","40","yes"
"/products/pet-food-bags.html","https://www.bestpackfactory.com/products/pet-food-bags.html","content-site/products/pet-food-bags.html","product_or_category","public","Pet Food Bags | MOQ 500 PCS | BestPackFactory","Pet Food Bags","1","Pet food bags in 120–180 µm laminate with foil or metalised barrier for high-fat kibble, and seals at ≥ 45 N / 15 mm for heavy fills. MOQ 500 PCS.","https://www.bestpackfactory.com/products/pet-food-bags.html","index, follow, max-image-preview:large, max-snippet:-1, max-video-preview:-1","0","Answer|Brand|BreadcrumbList|FAQPage|ListItem|Offer|Organization|Product|PropertyValue|QuantitativeValue|Question","","44","yes"
"/products/pharma-packaging.html","https://www.bestpackfactory.com/products/pharma-packaging.html","content-site/products/pharma-packaging.html","product_or_category","public","Pharma Packaging | MOQ 500 PCS | BestPackFactory","Pharma Packaging","1","Pharmaceutical cartons on 300–400gsm board, offset printed at 175 LPI to ±0.15 mm registration, with GS1 DataMatrix serialisation. MOQ 500 PCS.","https://www.bestpackfactory.com/products/pharma-packaging.html","index, follow, max-image-preview:large, max-snippet:-1, max-video-preview:-1","0","Answer|Brand|BreadcrumbList|FAQPage|ListItem|Offer|Organization|Product|PropertyValue|QuantitativeValue|Question","","39","yes"
"/products/pharmaceutical-folding-cartons.html","https://www.bestpackfactory.com/products/pharmaceutical-folding-cartons.html","content-site/products/pharmaceutical-folding-cartons.html","product_or_category","public","Pharmaceutical Folding Cartons | MOQ 500 PCS | BestPackFactory","Pharmaceutical Folding Cartons","1","Pharmaceutical folding cartons on 0.42–0.58 mm caliper board, with DataMatrix codes that still verify at Grade B after folding and gluing. MOQ 500 PCS.","https://www.bestpackfactory.com/products/pharmaceutical-folding-cartons.html","index, follow, max-image-preview:large, max-snippet:-1, max-video-preview:-1","0","Answer|Brand|BreadcrumbList|FAQPage|ListItem|Offer|Organization|Product|PropertyValue|QuantitativeValue|Question","","42","yes"
"/products/pizza-packaging-boxes.html","https://www.bestpackfactory.com/products/pizza-packaging-boxes.html","content-site/products/pizza-packaging-boxes.html","product_or_category","public","Pizza Packaging Boxes | MOQ 500 PCS | BestPackFactory","Pizza Packaging Boxes","1","Pizza packaging boxes on corrugated or 350gsm food-grade board, with grease-resistant coating and heat resistance to 80°C for 30 minutes. MOQ 500 PCS.","https://www.bestpackfactory.com/products/pizza-packaging-boxes.html","index, follow, max-image-preview:large, max-snippet:-1, max-video-preview:-1","0","Brand|BreadcrumbList|ListItem|Offer|Organization|Product|PropertyValue|QuantitativeValue","","38","yes"
"/products/pre-roll-packaging-boxes.html","https://www.bestpackfactory.com/products/pre-roll-packaging-boxes.html","content-site/products/pre-roll-packaging-boxes.html","product_or_category","public","Pre Roll Packaging Boxes | MOQ 500 PCS | BestPackFactory","Pre Roll Packaging Boxes","1","Pre-roll boxes on 300–400gsm ivory or SBS board, offset printed at 175 LPI, with areas reserved for compliance text and DataMatrix coding. MOQ 500 PCS.","https://www.bestpackfactory.com/products/pre-roll-packaging-boxes.html","index, follow, max-image-preview:large, max-snippet:-1, max-video-preview:-1","0","Answer|Brand|BreadcrumbList|FAQPage|ListItem|Offer|Organization|Product|PropertyValue|QuantitativeValue|Question","","40","yes"
"/products/protein-powder-stand-up-pouches.html","https://www.bestpackfactory.com/products/protein-powder-stand-up-pouches.html","content-site/products/protein-powder-stand-up-pouches.html","product_or_category","public","Protein Powder Stand Up Pouches | MOQ 500 PCS | BestPackFactory","Protein Powder Stand Up Pouches","1","Protein powder stand-up pouches in 90–160 µm laminate, gusseted to stand when filled, with an oxygen barrier held to OTR ≤ 1.5 cc/m²·day. MOQ 500 PCS.","https://www.bestpackfactory.com/products/protein-powder-stand-up-pouches.html","index, follow, max-image-preview:large, max-snippet:-1, max-video-preview:-1","0","Answer|Brand|BreadcrumbList|FAQPage|ListItem|Offer|Organization|Product|PropertyValue|QuantitativeValue|Question","","41","yes"
"/products/roll-labels-for-automatic-labeling.html","https://www.bestpackfactory.com/products/roll-labels-for-automatic-labeling.html","content-site/products/roll-labels-for-automatic-labeling.html","product_or_category","public","Roll Labels For Automatic Labeling | BestPackFactory","Roll Labels For Automatic Labeling","1","Roll labels for automatic labelling on 76 mm cores with a 3 mm gap and matrix waste removed, wound to suit your applicator direction. MOQ 500 PCS.","https://www.bestpackfactory.com/products/roll-labels-for-automatic-labeling.html","index, follow, max-image-preview:large, max-snippet:-1, max-video-preview:-1","0","Answer|Brand|BreadcrumbList|FAQPage|ListItem|Offer|Organization|Product|PropertyValue|QuantitativeValue|Question","","41","yes"
"/products/sandwich-packaging-boxes.html","https://www.bestpackfactory.com/products/sandwich-packaging-boxes.html","content-site/products/sandwich-packaging-boxes.html","product_or_category","public","Sandwich Packaging Boxes | MOQ 500 PCS | BestPackFactory","Sandwich Packaging Boxes","1","Sandwich and wrap boxes on food-grade board with window options and a grease-resistant coating rated to Cobb60 ≤ 35 g/m². MOQ 500 PCS.","https://www.bestpackfactory.com/products/sandwich-packaging-boxes.html","index, follow, max-image-preview:large, max-snippet:-1, max-video-preview:-1","0","Answer|Brand|BreadcrumbList|FAQPage|ListItem|Offer|Organization|Product|PropertyValue|QuantitativeValue|Question","","39","yes"
"/products/shawarma-packaging-boxes.html","https://www.bestpackfactory.com/products/shawarma-packaging-boxes.html","content-site/products/shawarma-packaging-boxes.html","product_or_category","public","Shawarma Packaging Boxes | MOQ 500 PCS | BestPackFactory","Shawarma Packaging Boxes","1","Shawarma and wrap boxes on 300gsm C1S or kraft board with grease-resistant coating, for hot sauced fills and takeaway transport. MOQ 500 PCS.","https://www.bestpackfactory.com/products/shawarma-packaging-boxes.html","index, follow, max-image-preview:large, max-snippet:-1, max-video-preview:-1","0","Brand|BreadcrumbList|ListItem|Offer|Organization|Product|PropertyValue|QuantitativeValue","","37","yes"
"/products/smell-proof-mylar-bags.html","https://www.bestpackfactory.com/products/smell-proof-mylar-bags.html","content-site/products/smell-proof-mylar-bags.html","product_or_category","public","Smell Proof Mylar Bags | MOQ 500 PCS | BestPackFactory","Smell Proof Mylar Bags","1","Smell-proof mylar bags in a PET / AL 7µm / PE structure holding both OTR and WVTR to ≤ 0.5, in matte, gloss or fully opaque finishes. MOQ 500 PCS.","https://www.bestpackfactory.com/products/smell-proof-mylar-bags.html","index, follow, max-image-preview:large, max-snippet:-1, max-video-preview:-1","0","Answer|Brand|BreadcrumbList|FAQPage|ListItem|Offer|Organization|Product|PropertyValue|QuantitativeValue|Question","","40","yes"
"/products/stand-up-pouch.html","https://www.bestpackfactory.com/products/stand-up-pouch.html","content-site/products/stand-up-pouch.html","product_or_category","public","Stand Up Pouch Manufacturer | MOQ 500 | BestPackFactory","Custom Stand Up Pouches","1","Custom stand up pouches with bottom gusset, zipper, tear notch and valve options. PET/foil/PE laminate for coffee, snacks, pet food and supplements.","https://www.bestpackfactory.com/products/stand-up-pouch.html","index, follow, max-image-preview:large, max-snippet:-1, max-video-preview:-1","0","Answer|Brand|BreadcrumbList|FAQPage|ListItem|Offer|Organization|Product|PropertyValue|QuantitativeValue|Question","","35","yes"
"/products/tin-boxes.html","https://www.bestpackfactory.com/products/tin-boxes.html","content-site/products/tin-boxes.html","product_or_category","public","Tin Boxes | MOQ 500 PCS | BestPackFactory","Tin Boxes","1","Tinplate boxes at 0.23–0.28 mm in hinged, slip-lid, window, round and rectangular forms, CMYK offset printed with food-safe inner lacquer. MOQ 500 PCS.","https://www.bestpackfactory.com/products/tin-boxes.html","index, follow, max-image-preview:large, max-snippet:-1, max-video-preview:-1","0","Brand|BreadcrumbList|ListItem|Offer|Organization|Product|PropertyValue|QuantitativeValue","","39","yes"
"/products/tissue-paper-packaging.html","https://www.bestpackfactory.com/products/tissue-paper-packaging.html","content-site/products/tissue-paper-packaging.html","product_or_category","public","Tissue Paper Packaging | MOQ 500 PCS | BestPackFactory","Tissue Paper Packaging","1","Tissue paper, printed tape and ribbon supplied as one matched unboxing set, in 17–28gsm tissue and 10–25 mm polyester ribbon. MOQ 500 PCS.","https://www.bestpackfactory.com/products/tissue-paper-packaging.html","index, follow, max-image-preview:large, max-snippet:-1, max-video-preview:-1","0","Brand|BreadcrumbList|ListItem|Offer|Organization|Product|PropertyValue|QuantitativeValue","","38","yes"
"/products/vitamin-supplement-packaging-boxes.html","https://www.bestpackfactory.com/products/vitamin-supplement-packaging-boxes.html","content-site/products/vitamin-supplement-packaging-boxes.html","product_or_category","public","Vitamin Supplement Packaging Boxes | BestPackFactory","Vitamin Supplement Packaging Boxes","1","Vitamin and supplement cartons on 300gsm C1S or 400gsm ivory board, offset printed with barcode quiet zones held to ≥ 4X module width. MOQ 500 PCS.","https://www.bestpackfactory.com/products/vitamin-supplement-packaging-boxes.html","index, follow, max-image-preview:large, max-snippet:-1, max-video-preview:-1","0","Answer|Brand|BreadcrumbList|FAQPage|ListItem|Offer|Organization|Product|PropertyValue|QuantitativeValue|Question","","40","yes"
"/products/weight-loss-pill-packaging-boxes.html","https://www.bestpackfactory.com/products/weight-loss-pill-packaging-boxes.html","content-site/products/weight-loss-pill-packaging-boxes.html","product_or_category","public","Weight Loss Pill Packaging Boxes | MOQ 500 PCS | BestPackFactory","Weight Loss Pill Packaging Boxes","1","Weight-loss and diet pill cartons on 300–400gsm board, offset printed at 175 LPI, with barcodes verified to ISO/IEC 15415 at print approval. MOQ 500 PCS.","https://www.bestpackfactory.com/products/weight-loss-pill-packaging-boxes.html","index, follow, max-image-preview:large, max-snippet:-1, max-video-preview:-1","0","Answer|Brand|BreadcrumbList|FAQPage|ListItem|Offer|Organization|Product|PropertyValue|QuantitativeValue|Question","","39","yes"
"/products/wine-magnetic-gift-boxes.html","https://www.bestpackfactory.com/products/wine-magnetic-gift-boxes.html","content-site/products/wine-magnetic-gift-boxes.html","product_or_category","public","Wine Magnetic Gift Boxes | MOQ 500 PCS | BestPackFactory","Wine Magnetic Gift Boxes","1","Wine magnetic gift boxes on 1.8–2.8 mm greyboard with N35 magnets, single or twin bottle cavities and foil-stamped logos. MOQ 500 PCS.","https://www.bestpackfactory.com/products/wine-magnetic-gift-boxes.html","index, follow, max-image-preview:large, max-snippet:-1, max-video-preview:-1","0","Answer|Brand|BreadcrumbList|FAQPage|ListItem|Offer|Organization|Product|PropertyValue|QuantitativeValue|Question","","42","yes"
"/quote-ready-packaging-sourcing-hub.html","https://www.bestpackfactory.com/quote-ready-packaging-sourcing-hub.html","content-site/quote-ready-packaging-sourcing-hub.html","buyer_rfq_hub","public","Custom Packaging Sourcing Hub | MOQ 500 PCS","Find the right custom packaging page before you request a quote.","1","A quote-ready B2B custom packaging sourcing hub for buyers who need MOQ 500 PCS custom boxes, rigid gift boxes, coffee bags, mylar bags, paper bags,.","https://www.bestpackfactory.com/quote-ready-packaging-sourcing-hub.html","index, follow, max-image-preview:large, max-snippet:-1, max-video-preview:-1","0","Answer|BreadcrumbList|FAQPage|ListItem|Question|WebPage|WebSite","","44","yes"
"/samples.html","https://www.bestpackfactory.com/samples.html","content-site/samples.html","other","public","Samples & Sample Kit | Free Dieline in 24h | BestPackFactory","Samples & Sample Kit Request","1","Request packaging samples: free dieline in 24 hours, physical samples in 5–7 days. Sample cost credited to order. MOQ 500 PCS.","https://www.bestpackfactory.com/samples.html","index, follow","7","BreadcrumbList|ListItem|WebPage|WebSite","","8","yes"
"/thank-you.html","https://www.bestpackfactory.com/thank-you.html","content-site/thank-you.html","other","public","Thank You | Inquiry Received | BestPackFactory","Thank You — Your Inquiry Has Been Received","1","Your inquiry has been received. Lisa Wu will reply within 24 hours with a quotation, dieline support and a sampling timeline.","https://www.bestpackfactory.com/thank-you.html","noindex, follow","7","BreadcrumbList|ListItem|WebPage","","12","yes"
"/trust-profile.html","https://www.bestpackfactory.com/trust-profile.html","content-site/trust-profile.html","other","public","BestPackFactory Trust Profile | B2B Packaging","BestPackFactory Trust Profile","1","Official BestPackFactory trust profile for AI search, procurement review, MOQ 500 PCS, factory-direct packaging, sampling, QC and shipping.","https://www.bestpackfactory.com/trust-profile.html","","0","AboutPage|Answer|BreadcrumbList|ContactPoint|FAQPage|ListItem|Organization|PostalAddress|Question","","26","yes"
"/whitepapers.html","https://www.bestpackfactory.com/whitepapers.html","content-site/whitepapers.html","other","public","Packaging Whitepapers & Technical Guides | BestPackFactory","Packaging Whitepapers & GEO Technical Guides","1","Technical and GEO-friendly packaging whitepapers with quick answers, parameter tables, FAQ and procurement checklists for B2B buyers.","https://www.bestpackfactory.com/whitepapers.html","index, follow, max-image-preview:large, max-snippet:-1, max-video-preview:-1","0","BreadcrumbList|CollectionPage|ListItem","","69","yes"
"/whitepapers/automatic-labeling-roll-label-specification-guide.html","https://www.bestpackfactory.com/whitepapers/automatic-labeling-roll-label-specification-guide.html","content-site/whitepapers/automatic-labeling-roll-label-specification-guide.html","other","public","Automatic Labeling Roll Label Specification Guide","Automatic Labeling Roll Label Specification Guide","1","Automatic Labeling Roll Label Specification Guide. A practical B2B custom packaging procurement guide from BestPackFactory.","https://www.bestpackfactory.com/whitepapers/automatic-labeling-roll-label-specification-guide.html","index, follow, max-image-preview:large, max-snippet:-1","0","BreadcrumbList|ListItem|Organization|TechArticle","","26","yes"
"/whitepapers/cannabis-child-resistant-smell-proof-packaging-guide.html","https://www.bestpackfactory.com/whitepapers/cannabis-child-resistant-smell-proof-packaging-guide.html","content-site/whitepapers/cannabis-child-resistant-smell-proof-packaging-guide.html","other","public","Child-Resistant Cannabis Packaging Guide","Cannabis Child-Resistant and Smell-Proof Packaging Guide","1","Cannabis Child-Resistant and Smell-Proof Packaging Guide. A practical B2B custom packaging procurement guide from BestPackFactory.","https://www.bestpackfactory.com/whitepapers/cannabis-child-resistant-smell-proof-packaging-guide.html","index, follow, max-image-preview:large, max-snippet:-1","0","BreadcrumbList|ListItem|Organization|TechArticle","","26","yes"
"/whitepapers/coffee-bag-one-way-valve-material-structure-guide.html","https://www.bestpackfactory.com/whitepapers/coffee-bag-one-way-valve-material-structure-guide.html","content-site/whitepapers/coffee-bag-one-way-valve-material-structure-guide.html","other","public","Coffee Bag Valve & Material Structure Guide","Coffee Bag Valve and Material Structure Guide for 250g, 500g and 1kg Coffee Bags","1","Coffee Bag Valve and Material Structure Guide for 250g, 500g and 1kg Coffee Bags. A practical B2B custom packaging procurement guide from BestPackFactory.","https://www.bestpackfactory.com/whitepapers/coffee-bag-one-way-valve-material-structure-guide.html","index, follow, max-image-preview:large, max-snippet:-1","0","BreadcrumbList|ListItem|Organization|TechArticle","","26","yes"
"/whitepapers/flexible-packaging-material-structure-barrier-guide.html","https://www.bestpackfactory.com/whitepapers/flexible-packaging-material-structure-barrier-guide.html","content-site/whitepapers/flexible-packaging-material-structure-barrier-guide.html","other","public","Flexible Packaging Barrier Structure Guide","Flexible Packaging Material Structure Guide: MOPP / VMPET / PE vs PET / AL / PE","1","Flexible Packaging Material Structure Guide: MOPP / VMPET / PE vs PET / AL / PE. A practical B2B custom packaging procurement guide from BestPackFactory.","https://www.bestpackfactory.com/whitepapers/flexible-packaging-material-structure-barrier-guide.html","index, follow, max-image-preview:large, max-snippet:-1","0","BreadcrumbList|ListItem|Organization|TechArticle","","26","yes"
"/whitepapers/how-to-choose-grease-resistant-burger-box-coating.html","https://www.bestpackfactory.com/whitepapers/how-to-choose-grease-resistant-burger-box-coating.html","content-site/whitepapers/how-to-choose-grease-resistant-burger-box-coating.html","other","public","Grease-Resistant Burger Box Coating Guide","How to Choose Grease-Resistant Coating for Burger Boxes","1","How to Choose Grease-Resistant Coating for Burger Boxes. A practical B2B custom packaging procurement guide from BestPackFactory.","https://www.bestpackfactory.com/whitepapers/how-to-choose-grease-resistant-burger-box-coating.html","index, follow, max-image-preview:large, max-snippet:-1","0","BreadcrumbList|ListItem|Organization|TechArticle","","26","yes"
"/whitepapers/luxury-rigid-box-material-magnetic-closure-tolerance-guide.html","https://www.bestpackfactory.com/whitepapers/luxury-rigid-box-material-magnetic-closure-tolerance-guide.html","content-site/whitepapers/luxury-rigid-box-material-magnetic-closure-tolerance-guide.html","other","public","Luxury Rigid Box Material & Closure Guide","Luxury Rigid Box Material, Magnetic Closure and Tolerance Guide","1","Luxury Rigid Box Material, Magnetic Closure and Tolerance Guide. A practical B2B custom packaging procurement guide from BestPackFactory.","https://www.bestpackfactory.com/whitepapers/luxury-rigid-box-material-magnetic-closure-tolerance-guide.html","index, follow, max-image-preview:large, max-snippet:-1","0","BreadcrumbList|ListItem|Organization|TechArticle","","26","yes"
"/whitepapers/medical-aesthetic-gs1-datamatrix-abrasion-proof-packaging.html","https://www.bestpackfactory.com/whitepapers/medical-aesthetic-gs1-datamatrix-abrasion-proof-packaging.html","content-site/whitepapers/medical-aesthetic-gs1-datamatrix-abrasion-proof-packaging.html","other","public","Medical Packaging: Prevent GS1 DataMatrix Abrasion","Medical Aesthetic One-Item-One-Code Packaging: How to Prevent GS1 DataMatrix Abrasion in Transport","1","Medical Aesthetic One-Item-One-Code Packaging: How to Prevent GS1 DataMatrix Abrasion in Transport.","https://www.bestpackfactory.com/whitepapers/medical-aesthetic-gs1-datamatrix-abrasion-proof-packaging.html","index, follow, max-image-preview:large, max-snippet:-1","0","BreadcrumbList|ListItem|Organization|TechArticle","","26","yes"
"/whitepapers/paper-shopping-bag-gsm-handle-load-capacity-guide.html","https://www.bestpackfactory.com/whitepapers/paper-shopping-bag-gsm-handle-load-capacity-guide.html","content-site/whitepapers/paper-shopping-bag-gsm-handle-load-capacity-guide.html","other","public","Paper Bag GSM, Handle & Load Capacity Guide","Paper Shopping Bag GSM, Handle and Load Capacity Guide","1","Paper Shopping Bag GSM, Handle and Load Capacity Guide. A practical B2B custom packaging procurement guide from BestPackFactory.","https://www.bestpackfactory.com/whitepapers/paper-shopping-bag-gsm-handle-load-capacity-guide.html","index, follow, max-image-preview:large, max-snippet:-1","0","BreadcrumbList|ListItem|Organization|TechArticle","","26","yes"
"/whitepapers/pet-food-flat-bottom-bag-barrier-seal-strength-guide.html","https://www.bestpackfactory.com/whitepapers/pet-food-flat-bottom-bag-barrier-seal-strength-guide.html","content-site/whitepapers/pet-food-flat-bottom-bag-barrier-seal-strength-guide.html","other","public","Pet Food Bag Barrier & Seal Strength Guide","Pet Food Flat Bottom Bag Barrier and Seal Strength Guide","1","Pet Food Flat Bottom Bag Barrier and Seal Strength Guide. A practical B2B custom packaging procurement guide from BestPackFactory.","https://www.bestpackfactory.com/whitepapers/pet-food-flat-bottom-bag-barrier-seal-strength-guide.html","index, follow, max-image-preview:large, max-snippet:-1","0","BreadcrumbList|ListItem|Organization|TechArticle","","26","yes"
"/whitepapers/pharmaceutical-folding-carton-gs1-datamatrix-print-quality.html","https://www.bestpackfactory.com/whitepapers/pharmaceutical-folding-carton-gs1-datamatrix-print-quality.html","content-site/whitepapers/pharmaceutical-folding-carton-gs1-datamatrix-print-quality.html","other","public","Pharma Carton GS1 DataMatrix Print Quality Guide","Pharmaceutical Folding Carton Print Quality: GS1 DataMatrix, ECC200 and ISO 15415 Grade A","1","Pharmaceutical Folding Carton Print Quality: GS1 DataMatrix, ECC200 and ISO 15415 Grade A.","https://www.bestpackfactory.com/whitepapers/pharmaceutical-folding-carton-gs1-datamatrix-print-quality.html","index, follow, max-image-preview:large, max-snippet:-1","0","BreadcrumbList|ListItem|Organization|TechArticle","","26","yes"
"/dielines","https://www.bestpackfactory.com/dielines","app/dielines/page.js","dieline_hub","public","generated by Next.js metadata","generated by React route","1","generated by Next.js metadata","https://www.bestpackfactory.com/dielines","index,follow","0","WebApplication|FAQPage","","dynamic","SSR/SSG output"
